Year,Name,College,POS,Height (in),Weight (lbs),40 Yard,Bench Press,Vert Leap (in),Broad Jump (in),Shuttle,3Cone,Win-Loss Record,Round,Pick,Team,Age,To,AP1,PB,St,CarAV,DrAV,Solo,Int,Sacks,Drafted,Solos_Per_Year,Ints_Per_Year,Sacks_Per_Year,Solos_Per_Game
2004.0,Nathaniel Adibi,Virginia Tech,DE,75.3,254.0,4.65,21.68733850129199,33.0,118.0,4.36,7.203437499999993,11-2-0,5.0,145.0,PIT,,2006.0,0.0,0.0,0.0,,,0.0,0.0,0.0,D,0.0,0.0,0.0,0.0
2004.0,Jared Allen,Idaho State,DE,78.0,265.0,4.76,13.0,33.0,120.0,4.34,7.11,,4.0,126.0,KAN,22.0,2015.0,4.0,5.0,12.0,99.0,32.0,503.0,6.0,136.0,D,45.73,0.55,12.36,2.858125
2004.0,Matthias Askew,Michigan State,DT,77.4,308.0,5.24,20.0,27.0,101.0,4.42,7.55,5-6-0,4.0,114.0,CIN,22.0,2005.0,0.0,0.0,0.0,0.0,0.0,2.0,0.0,0.0,D,2.0,0.0,0.0,0.125
2004.0,Jason Babin,Western Michigan,DE,74.6,260.0,4.65,28.0,34.0,121.0,4.14,7.03,,1.0,27.0,HOU,24.0,2015.0,0.0,2.0,5.0,46.0,9.0,285.0,0.0,64.5,D,25.91,0.0,5.86,1.619375
2004.0,Dave Ball,UCLA,DE,77.4,277.0,5.07,24.0,34.358247422680414,116.59947643979058,4.280972644376902,7.203437499999993,10-2-0,5.0,133.0,SDG,23.0,2012.0,0.0,0.0,1.0,15.0,0.0,84.0,1.0,15.5,D,10.5,0.12,1.94,0.65625
2004.0,Ryon Bingham,Nebraska,DT,75.4,303.0,5.14,33.0,30.0,109.0,4.38,7.44,8-4-0,7.0,204.0,SDG,23.0,2008.0,0.0,0.0,0.0,6.0,6.0,46.0,0.0,4.5,D,11.5,0.0,1.12,0.71875
2004.0,Colby Bockwoldt,Brigham Young,OLB,73.6,230.0,4.59,14.0,34.0,112.0,4.05,7.12,6-6-0,7.0,240.0,NOR,23.0,2007.0,0.0,0.0,1.0,12.0,11.0,116.0,0.0,2.0,D,38.67,0.0,0.67,2.416875
2004.0,Michael Boulware,Florida State,OLB,74.0,225.0,4.5,21.68733850129199,34.358247422680414,116.59947643979058,3.92,6.89,8-5-0,2.0,53.0,SEA,22.0,2007.0,0.0,0.0,2.0,17.0,16.0,146.0,11.0,3.0,D,48.67,3.67,1.0,3.041875
2004.0,Tony Bua,Arkansas,SS,71.3,209.0,4.65,15.0,36.0,120.0,4.08,6.75,4-7-0,5.0,160.0,MIA,24.0,2004.0,0.0,0.0,0.0,1.0,1.0,1.0,0.0,0.0,D,1.0,0.0,0.0,1.0
2004.0,Ahmad Carroll,Arkansas,CB,69.6,195.0,4.36,15.0,41.0,128.0,4.280972644376902,7.203437499999993,4-7-0,1.0,25.0,GNB,21.0,2009.0,0.0,0.0,2.0,14.0,13.0,117.0,3.0,3.0,D,23.4,0.6,0.6,1.4625
2004.0,Brandon Chillar,UCLA,OLB,74.9,253.0,4.75,23.0,33.0,115.0,4.08,7.203437499999993,10-2-0,4.0,130.0,STL,21.0,2010.0,0.0,0.0,2.0,24.0,17.0,299.0,1.0,8.5,D,49.83,0.17,1.42,3.114375
2004.0,Ricardo Colclough,Tusculum (TN),CB,70.6,194.0,4.5,8.0,39.5,127.0,4.280972644376902,7.203437499999993,,2.0,38.0,PIT,20.0,2009.0,0.0,0.0,0.0,2.0,2.0,59.0,1.0,2.5,D,11.8,0.2,0.5,0.7375
2004.0,Erik Coleman,Washington State,FS,70.5,200.0,4.62,16.0,35.5,117.0,4.14,7.03,4-7-0,5.0,143.0,NYJ,22.0,2012.0,0.0,0.0,6.0,34.0,19.0,466.0,11.0,2.0,D,58.25,1.38,0.25,3.640625
2004.0,Marquis Cooper,Washington,OLB,75.3,223.0,4.55,25.0,36.5,121.0,4.12,7.02,2-9-0,3.0,79.0,TAM,22.0,2008.0,0.0,0.0,0.0,3.0,2.0,34.0,0.0,0.0,D,8.5,0.0,0.0,0.53125
2004.0,Jorge Cordova,Nevada,ILB,74.0,237.0,4.68,22.0,35.5,116.59947643979058,4.17,7.28,9-3-0,3.0,86.0,JAX,22.0,2007.0,0.0,0.0,0.0,1.0,1.0,6.0,0.0,0.0,D,2.0,0.0,0.0,0.125
2004.0,Rod Davis,Southern Mississippi,ILB,74.0,239.0,4.71,21.68733850129199,34.358247422680414,114.0,4.02,7.2,7-5-0,5.0,155.0,MIN,23.0,2006.0,0.0,0.0,0.0,3.0,3.0,33.0,0.0,0.0,D,16.5,0.0,0.0,1.03125
2004.0,Darnell Dockett,Florida State,DT,75.4,297.0,5.0,26.0,31.0,105.0,4.280972644376902,7.203437499999993,8-5-0,3.0,64.0,ARI,23.0,2014.0,0.0,3.0,10.0,71.0,71.0,358.0,4.0,40.5,D,35.8,0.4,4.05,2.2375
2004.0,Vontez Duff,Notre Dame,CB,70.6,203.0,4.55,13.0,35.0,120.0,4.03,6.94,9-3-0,6.0,170.0,HOU,,2006.0,0.0,0.0,0.0,,,0.0,0.0,0.0,D,0.0,0.0,0.0,0.0
2004.0,Glenn Earl,Notre Dame,SS,73.1,222.0,4.65,20.0,34.358247422680414,116.59947643979058,4.280972644376902,7.203437499999993,9-3-0,4.0,122.0,HOU,23.0,2006.0,0.0,0.0,2.0,10.0,10.0,118.0,3.0,2.0,D,59.0,1.5,1.0,3.6875
2004.0,Dwan Edwards,Oregon State,DT,74.8,313.0,5.14,25.0,28.0,105.0,4.68,7.59,5-6-0,2.0,51.0,BAL,23.0,2015.0,0.0,0.0,5.0,32.0,12.0,221.0,3.0,19.5,D,20.09,0.27,1.77,1.255625
2004.0,Keyaron Fox,Georgia Tech,OLB,74.4,227.0,4.65,28.0,34.358247422680414,116.59947643979058,4.280972644376902,7.203437499999993,7-5-0,3.0,93.0,KAN,22.0,2012.0,0.0,0.0,0.0,13.0,4.0,141.0,1.0,1.0,D,17.62,0.12,0.12,1.10125
2004.0,Rich Gardner,Penn State,CB,70.6,199.0,4.49,11.0,36.5,123.0,3.91,6.91,11-1-0,3.0,92.0,TEN,23.0,2006.0,0.0,0.0,0.0,2.0,2.0,18.0,1.0,0.0,D,9.0,0.5,0.0,0.5625
2004.0,Robert Geathers,Georgia,DE,74.9,271.0,4.91,24.0,33.5,112.0,4.280972644376902,7.203437499999993,10-3-0,4.0,117.0,CIN,21.0,2014.0,0.0,0.0,7.0,46.0,46.0,184.0,3.0,34.0,D,18.4,0.3,3.4,1.15
2004.0,Roderick Green,Central Missouri,DE,74.3,245.0,4.72,21.0,34.5,129.0,4.04,7.26,,5.0,153.0,BAL,22.0,2008.0,0.0,0.0,0.0,6.0,3.0,31.0,0.0,12.0,D,7.75,0.0,3.0,0.484375
2004.0,DeAngelo Hall,Virginia Tech,CB,70.0,202.0,4.36,21.68733850129199,34.358247422680414,116.59947643979058,4.280972644376902,7.203437499999993,11-2-0,1.0,8.0,ATL,20.0,2017.0,0.0,3.0,10.0,62.0,26.0,638.0,43.0,2.0,D,49.08,3.31,0.15,3.0675
2004.0,Claude Harriott,Pittsburgh,DE,75.6,252.0,4.71,25.0,30.5,118.0,4.25,7.44,5-6-0,5.0,147.0,CHI,,2006.0,0.0,0.0,0.0,,,0.0,0.0,0.0,D,0.0,0.0,0.0,0.0
2004.0,Tommie Harris,Oklahoma,DT,74.5,295.0,4.68,29.0,34.358247422680414,116.59947643979058,4.280972644376902,7.203437499999993,8-4-0,1.0,14.0,CHI,21.0,2011.0,0.0,3.0,6.0,54.0,53.0,187.0,1.0,31.5,D,26.71,0.14,4.5,1.669375
2004.0,Marquise Hill,Louisiana State,DE,78.6,305.0,4.9,23.0,29.0,106.0,4.280972644376902,7.203437499999993,11-2-0,2.0,63.0,NWE,22.0,2006.0,0.0,0.0,0.0,0.0,0.0,2.0,0.0,0.0,D,1.0,0.0,0.0,0.0625
2004.0,Isaac Hilton,Hampton (VA),DE,75.4,267.0,4.6,31.0,36.5,123.0,4.48,7.99,,7.0,253.0,NYG,,2006.0,0.0,0.0,0.0,,,0.0,0.0,0.0,D,0.0,0.0,0.0,0.0
2004.0,Von Hutchins,Mississippi,CB,69.6,185.0,4.5,11.0,34.5,115.0,4.06,7.05,3-8-0,6.0,173.0,IND,23.0,2007.0,0.0,0.0,1.0,7.0,2.0,123.0,2.0,0.5,D,41.0,0.67,0.17,2.5625
2004.0,Leon Joe,Maryland,OLB,72.5,230.0,4.51,30.0,39.0,116.59947643979058,4.280972644376902,7.203437499999993,5-6-0,4.0,112.0,CHI,22.0,2007.0,0.0,0.0,0.0,3.0,3.0,36.0,0.0,0.0,D,12.0,0.0,0.0,0.75
2004.0,Landon Johnson,Purdue,OLB,74.0,223.0,4.65,20.0,37.5,120.0,4.08,7.01,5-6-0,3.0,96.0,CIN,23.0,2010.0,0.0,0.0,5.0,28.0,22.0,342.0,1.0,3.5,D,57.0,0.17,0.58,3.5625
2004.0,Tank Johnson,Washington,DT,74.8,304.0,4.74,31.0,34.0,114.0,4.6,7.56,2-9-0,2.0,47.0,CHI,22.0,2010.0,0.0,0.0,2.0,22.0,11.0,107.0,0.0,14.0,D,17.83,0.0,2.33,1.114375
2004.0,Trevor Johnson,Nebraska,DE,76.6,260.0,4.81,23.0,35.5,110.0,4.08,7.06,8-4-0,7.0,234.0,NYJ,23.0,2007.0,0.0,0.0,0.0,1.0,0.0,33.0,0.0,0.0,D,11.0,0.0,0.0,0.6875
2004.0,Niko Koutouvides,Purdue,ILB,74.5,244.0,4.73,21.68733850129199,30.5,108.0,3.88,6.98,5-6-0,4.0,116.0,SEA,23.0,2012.0,0.0,0.0,0.0,8.0,4.0,134.0,0.0,1.0,D,16.75,0.0,0.12,1.046875
2004.0,Teddy Lehman,Oklahoma,OLB,73.5,240.0,4.55,26.0,34.5,113.0,4.06,6.91,8-4-0,2.0,37.0,DET,22.0,2008.0,0.0,0.0,1.0,9.0,9.0,106.0,2.0,1.0,D,26.5,0.5,0.25,1.65625
2004.0,Jeremy LeSueur,Michigan,CB,72.0,197.0,4.55,21.68733850129199,35.0,116.0,4.280972644376902,7.203437499999993,7-5-0,3.0,85.0,DEN,23.0,2005.0,0.0,0.0,0.0,0.0,,0.0,0.0,0.0,D,0.0,0.0,0.0,0.0
2004.0,Alex Lewis,Wisconsin,OLB,71.8,227.0,4.72,25.0,34.5,121.0,4.28,7.06,10-3-0,5.0,140.0,DET,23.0,2008.0,0.0,0.0,0.0,7.0,7.0,137.0,1.0,2.0,D,34.25,0.25,0.5,2.140625
2004.0,Keith Lewis,Oregon,FS,72.5,204.0,4.58,11.0,37.0,121.0,4.07,7.28,10-2-0,6.0,198.0,SFO,22.0,2008.0,0.0,0.0,1.0,7.0,7.0,117.0,3.0,1.0,D,29.25,0.75,0.25,1.828125
2004.0,Bobby McCray,Florida,DE,77.8,255.0,4.68,27.0,33.5,116.59947643979058,4.280972644376902,7.203437499999993,9-3-0,7.0,249.0,JAX,22.0,2010.0,0.0,0.0,2.0,24.0,18.0,105.0,0.0,29.5,D,17.5,0.0,4.92,1.09375
2004.0,Caleb Miller,Arkansas,ILB,75.3,224.0,4.71,23.0,34.5,120.0,3.93,6.85,4-7-0,3.0,80.0,CIN,24.0,2007.0,0.0,0.0,0.0,10.0,10.0,111.0,0.0,1.0,D,37.0,0.0,0.33,2.3125
2004.0,Antwan Odom,Alabama,DE,77.8,274.0,4.74,21.0,37.0,114.0,4.44,7.3,10-2-0,2.0,57.0,TEN,22.0,2010.0,0.0,0.0,4.0,23.0,15.0,97.0,0.0,23.5,D,16.17,0.0,3.92,1.010625
2004.0,Igor Olshansky,Oregon,DT,77.3,315.0,5.01,41.0,33.5,110.0,4.41,7.61,10-2-0,2.0,35.0,SDG,22.0,2011.0,0.0,0.0,7.0,37.0,26.0,166.0,1.0,12.5,D,23.71,0.14,1.79,1.481875
2004.0,Shaun Phillips,Purdue,DE,75.1,255.0,4.83,21.68733850129199,33.0,114.0,4.23,6.95,5-6-0,4.0,98.0,SDG,23.0,2014.0,0.0,1.0,8.0,53.0,47.0,406.0,7.0,81.5,D,40.6,0.7,8.15,2.5375
2004.0,Will Poole,Southern California,CB,70.4,194.0,4.47,16.0,34.358247422680414,116.59947643979058,4.280972644376902,7.203437499999993,12-1-0,4.0,102.0,MIA,23.0,2004.0,0.0,0.0,0.0,1.0,1.0,26.0,0.0,1.0,D,26.0,0.0,1.0,26.0
2004.0,Derrick Pope,Alabama,OLB,70.9,230.0,4.69,24.0,34.358247422680414,106.0,4.280972644376902,7.203437499999993,10-2-0,7.0,222.0,MIA,22.0,2007.0,0.0,0.0,1.0,10.0,10.0,104.0,2.0,2.0,D,34.67,0.67,0.67,2.166875
2004.0,Kendyll Pope,Florida State,OLB,73.0,226.0,4.71,21.68733850129199,34.358247422680414,118.0,4.26,7.203437499999993,8-5-0,4.0,107.0,IND,23.0,2004.0,0.0,0.0,0.0,0.0,0.0,1.0,0.0,0.0,D,1.0,0.0,0.0,1.0
2004.0,Etric Pruitt,Southern Mississippi,FS,72.1,197.0,4.59,21.68733850129199,39.5,116.0,4.0,7.15,7-5-0,6.0,186.0,ATL,23.0,2005.0,0.0,0.0,0.0,0.0,0.0,9.0,0.0,0.0,D,9.0,0.0,0.0,0.5625
2004.0,Keiwan Ratliff,Florida,CB,70.1,194.0,4.58,11.0,34.358247422680414,116.59947643979058,4.280972644376902,7.203437499999993,9-3-0,2.0,49.0,CIN,23.0,2010.0,0.0,0.0,0.0,9.0,6.0,129.0,5.0,0.0,D,21.5,0.83,0.0,1.34375
2004.0,Robert Reynolds,Ohio State,ILB,75.5,251.0,4.79,18.0,32.5,116.0,3.94,7.17,10-2-0,5.0,165.0,TEN,23.0,2006.0,0.0,0.0,0.0,2.0,2.0,26.0,0.0,0.0,D,13.0,0.0,0.0,0.8125
2004.0,Dunta Robinson,South Carolina,CB,70.6,186.0,4.35,15.0,36.0,120.0,3.75,6.97,7-5-0,1.0,10.0,HOU,22.0,2013.0,0.0,0.0,8.0,39.0,21.0,504.0,17.0,5.5,D,56.0,1.89,0.61,3.5
2004.0,Bob Sanders,Iowa,SS,68.4,204.0,4.4,15.0,41.5,128.0,3.91,6.7,7-5-0,2.0,44.0,IND,23.0,2011.0,2.0,2.0,2.0,32.0,31.0,229.0,6.0,3.5,D,32.71,0.86,0.5,2.044375
2004.0,Bo Schobel,Texas Christian,DE,77.0,271.0,4.82,25.0,32.5,109.0,4.38,6.94,11-1-0,4.0,103.0,TEN,23.0,2007.0,0.0,0.0,0.0,3.0,2.0,41.0,0.0,1.5,D,13.67,0.0,0.5,0.854375
2004.0,Stuart Schweigert,Purdue,FS,74.0,218.0,4.45,18.0,38.0,124.0,3.89,6.68,5-6-0,3.0,67.0,OAK,23.0,2008.0,0.0,0.0,3.0,15.0,15.0,266.0,4.0,0.0,D,66.5,1.0,0.0,4.15625
2004.0,Darrion Scott,Ohio State,DE,75.1,289.0,4.84,21.68733850129199,36.5,118.0,4.32,7.203437499999993,10-2-0,3.0,88.0,MIN,22.0,2011.0,0.0,0.0,2.0,15.0,15.0,80.0,0.0,9.5,D,11.43,0.0,1.36,0.714375
2004.0,Guss Scott,Florida,SS,70.4,204.0,4.49,20.0,39.0,124.0,4.280972644376902,7.203437499999993,9-3-0,3.0,95.0,NWE,23.0,2006.0,0.0,0.0,0.0,1.0,1.0,32.0,0.0,0.0,D,16.0,0.0,0.0,1.0
2004.0,Richard Seigler,Oregon State,ILB,74.3,244.0,4.75,25.0,34.358247422680414,116.59947643979058,4.280972644376902,7.203437499999993,5-6-0,4.0,127.0,SFO,23.0,2006.0,0.0,0.0,0.0,0.0,0.0,4.0,0.0,0.0,D,2.0,0.0,0.0,0.125
2004.0,Jason Shivers,Arizona State,FS,72.5,201.0,4.53,19.0,36.0,128.0,4.280972644376902,7.203437499999993,7-5-0,5.0,158.0,STL,21.0,2004.0,0.0,0.0,0.0,0.0,,1.0,0.0,0.0,D,1.0,0.0,0.0,1.0
2004.0,Junior Siavii,Oregon,DT,76.5,344.0,5.18,31.0,24.5,93.0,4.84,7.93,10-2-0,2.0,36.0,KAN,25.0,2010.0,0.0,0.0,0.0,6.0,2.0,46.0,0.0,1.0,D,7.67,0.0,0.17,0.479375
2004.0,Antonio Smith,Oklahoma State,DE,75.4,274.0,5.05,24.0,33.0,108.0,4.75,7.203437499999993,4-7-0,5.0,135.0,ARI,22.0,2016.0,0.0,1.0,8.0,56.0,16.0,247.0,0.0,47.5,D,20.58,0.0,3.96,1.28625
2004.0,Daryl Smith,Georgia Tech,OLB,73.6,234.0,4.67,24.0,34.358247422680414,116.59947643979058,4.280972644376902,7.203437499999993,7-5-0,2.0,39.0,JAX,22.0,2016.0,0.0,0.0,12.0,75.0,44.0,764.0,12.0,30.5,D,63.67,1.0,2.54,3.979375
2004.0,Keith Smith,McNeese State (LA),CB,71.5,201.0,4.49,12.0,36.5,116.0,4.280972644376902,7.203437499999993,,3.0,73.0,DET,24.0,2009.0,0.0,0.0,0.0,7.0,7.0,130.0,4.0,1.0,D,26.0,0.8,0.2,1.625
2004.0,Isaac Sopoaga,Hawaii,DT,74.3,317.0,5.0,42.0,30.5,99.0,4.66,7.79,5-7-0,4.0,104.0,SFO,23.0,2013.0,0.0,0.0,5.0,36.0,32.0,158.0,0.0,8.5,D,17.56,0.0,0.94,1.0975
2004.0,Cody Spencer,North Texas,ILB,74.5,242.0,4.67,27.0,34.5,116.0,4.08,6.94,2-9-0,6.0,182.0,OAK,23.0,2008.0,0.0,0.0,0.0,4.0,,54.0,0.0,0.0,D,13.5,0.0,0.0,0.84375
2004.0,Randy Starks,Maryland,DT,75.4,314.0,5.03,27.0,29.5,102.0,4.280972644376902,7.203437499999993,5-6-0,3.0,71.0,TEN,20.0,2015.0,0.0,2.0,8.0,61.0,10.0,300.0,4.0,42.0,D,27.27,0.36,3.82,1.704375
2004.0,Craig Terrill,Purdue,DT,74.5,290.0,5.23,28.0,26.5,100.0,4.1,7.39,5-6-0,6.0,189.0,SEA,24.0,2010.0,0.0,0.0,0.0,9.0,9.0,77.0,0.0,8.0,D,12.83,0.0,1.33,0.801875
2004.0,Dontarrious Thomas,Auburn,OLB,74.5,241.0,4.64,26.0,38.5,129.0,4.0,7.203437499999993,9-3-0,2.0,48.0,MIN,24.0,2008.0,0.0,0.0,0.0,8.0,8.0,104.0,0.0,1.5,D,26.0,0.0,0.38,1.625
2004.0,Joey Thomas,Montana State,CB,72.9,195.0,4.46,17.0,38.5,122.0,3.88,6.82,,3.0,70.0,GNB,24.0,2008.0,0.0,0.0,0.0,3.0,2.0,34.0,0.0,0.0,D,8.5,0.0,0.0,0.53125
2004.0,Chris Thompson,Nicholls State (LA),CB,72.0,189.0,4.5,12.0,35.0,117.0,4.14,7.09,,5.0,150.0,JAX,22.0,2005.0,0.0,0.0,0.0,1.0,,7.0,0.0,0.0,D,7.0,0.0,0.0,0.4375
2004.0,Bruce Thornton,Georgia,CB,71.0,197.0,4.5,21.68733850129199,37.5,122.0,4.280972644376902,7.203437499999993,10-3-0,4.0,121.0,DAL,24.0,2005.0,0.0,0.0,1.0,4.0,0.0,37.0,2.0,0.0,D,37.0,2.0,0.0,2.3125
2004.0,Reggie Torbor,Auburn,DE,74.1,254.0,4.7,16.0,34.0,120.0,4.46,7.48,9-3-0,4.0,97.0,NYG,23.0,2010.0,0.0,0.0,2.0,17.0,11.0,178.0,2.0,6.5,D,29.67,0.33,1.08,1.854375
2004.0,Marcus Tubbs,Texas,DT,76.0,321.0,5.05,29.0,32.5,105.0,4.280972644376902,7.203437499999993,13-0-0,1.0,23.0,SEA,23.0,2006.0,0.0,0.0,1.0,9.0,9.0,37.0,0.0,7.0,D,18.5,0.0,3.5,1.15625
2004.0,Sean Tufts,Colorado,OLB,76.1,242.0,4.66,21.0,34.5,118.0,3.94,6.94,7-6-0,6.0,196.0,CAR,22.0,2005.0,0.0,0.0,0.0,1.0,1.0,9.0,0.0,0.0,D,9.0,0.0,0.0,0.5625
2004.0,Michael Waddell,North Carolina,CB,70.9,187.0,4.33,14.0,37.5,121.0,4.03,6.84,5-6-0,4.0,124.0,TEN,23.0,2008.0,0.0,0.0,0.0,3.0,3.0,60.0,1.0,0.5,D,15.0,0.25,0.12,0.9375
2004.0,Matt Ware,UCLA,FS,74.4,209.0,4.54,15.0,34.358247422680414,116.59947643979058,4.280972644376902,7.203437499999993,10-2-0,3.0,89.0,PHI,21.0,2010.0,0.0,0.0,0.0,6.0,2.0,100.0,1.0,0.0,D,16.67,0.17,0.0,1.041875
2004.0,Donnell Washington,Clemson,DT,77.5,332.0,5.03,34.0,31.0,109.0,4.88,7.8,8-4-0,3.0,72.0,GNB,,2006.0,0.0,0.0,0.0,,,0.0,0.0,0.0,D,0.0,0.0,0.0,0.0
2004.0,Rashad Washington,Kansas State,FS,74.1,223.0,4.61,14.0,34.0,116.0,4.02,7.06,5-6-0,7.0,236.0,NYJ,24.0,2007.0,0.0,0.0,0.0,3.0,3.0,54.0,0.0,1.5,D,18.0,0.0,0.5,1.125
2004.0,Courtney Watson,Notre Dame,OLB,73.4,237.0,4.56,22.0,36.5,114.0,4.35,7.39,9-3-0,2.0,60.0,NOR,23.0,2005.0,0.0,0.0,1.0,7.0,7.0,68.0,0.0,3.0,D,68.0,0.0,3.0,4.25
2004.0,Corey Williams,Arkansas State,DT,76.0,313.0,5.18,25.0,28.0,116.59947643979058,4.55,7.97,6-6-0,6.0,179.0,GNB,24.0,2012.0,0.0,0.0,5.0,33.0,11.0,200.0,2.0,27.5,D,25.0,0.25,3.44,1.5625
2004.0,Demorrio Williams,Nebraska,OLB,72.8,232.0,4.54,16.0,37.0,125.0,4.11,7.02,8-4-0,4.0,101.0,ATL,24.0,2012.0,0.0,0.0,5.0,35.0,21.0,480.0,7.0,7.5,D,60.0,0.88,0.94,3.75
2004.0,Madieu Williams,Maryland,FS,72.4,193.0,4.5,18.0,34.358247422680414,125.0,4.280972644376902,7.203437499999993,5-6-0,2.0,56.0,CIN,22.0,2012.0,0.0,0.0,7.0,34.0,16.0,450.0,13.0,5.5,D,56.25,1.62,0.69,3.515625
2004.0,Gibril Wilson,Tennessee,SS,72.1,197.0,4.47,15.0,34.358247422680414,120.0,4.280972644376902,7.203437499999993,5-6-0,5.0,136.0,NYG,22.0,2011.0,0.0,0.0,6.0,34.0,23.0,488.0,13.0,8.5,D,69.71,1.86,1.21,4.356875
2004.0,Dexter Wynn,Colorado State,CB,69.3,175.0,4.49,13.0,39.0,123.0,3.9,6.7,6-6-0,6.0,192.0,PHI,23.0,2008.0,0.0,0.0,0.0,4.0,3.0,43.0,0.0,1.0,D,10.75,0.0,0.25,0.671875
2005.0,Hamza Abdullah,Washington State,SS,74.0,214.0,4.65,18.0,39.0,114.0,4.280972644376902,6.94,4-7-0,7.0,231.0,TAM,22.0,2011.0,0.0,0.0,1.0,5.0,,68.0,0.0,0.0,D,11.33,0.0,0.0,0.708125
2005.0,O.J. Atogwe,Stanford,FS,71.0,219.0,4.57,22.0,34.358247422680414,116.59947643979058,4.280972644376902,7.203437499999993,5-6-0,3.0,66.0,STL,24.0,2011.0,0.0,0.0,6.0,34.0,31.0,376.0,25.0,5.5,D,62.67,4.17,0.92,3.916875
2005.0,Jonathan Babineaux,Iowa,DT,74.13,286.0,4.9,21.0,29.5,109.0,4.57,7.7,7-5-0,2.0,59.0,ATL,23.0,2016.0,0.0,0.0,10.0,53.0,53.0,291.0,4.0,27.0,D,26.45,0.36,2.45,1.653125
2005.0,Jordan Beck,Cal Poly,OLB,74.38,233.0,4.6,25.0,41.0,128.0,4.12,7.11,,3.0,90.0,ATL,22.0,2007.0,0.0,0.0,0.0,2.0,1.0,19.0,0.0,0.0,D,9.5,0.0,0.0,0.59375
2005.0,Justin Beriault,Ball State (IN),FS,74.75,204.0,4.57,14.0,39.5,124.0,3.8,6.92,,6.0,208.0,DAL,,2006.0,0.0,0.0,0.0,,,0.0,0.0,0.0,D,0.0,0.0,0.0,0.0
2005.0,Darryl Blackstock,Virginia,OLB,74.63,247.0,4.72,25.0,39.0,126.0,4.29,7.05,7-5-0,3.0,95.0,ARI,22.0,2011.0,0.0,0.0,0.0,7.0,5.0,75.0,0.0,4.0,D,12.5,0.0,0.67,0.78125
2005.0,Michael Boley,Southern Mississippi,OLB,74.75,236.0,4.62,21.68733850129199,34.0,110.0,4.12,7.08,7-5-0,5.0,160.0,ATL,23.0,2013.0,0.0,0.0,8.0,43.0,23.0,542.0,8.0,9.5,D,67.75,1.0,1.19,4.234375
2005.0,Anthony Bryant,Alabama,DT,75.0,337.0,5.1,23.0,31.5,106.0,4.68,7.8,10-2-0,6.0,178.0,TAM,23.0,2010.0,0.0,0.0,0.0,2.0,0.0,7.0,0.0,0.0,D,1.4,0.0,0.0,0.0875
2005.0,Josh Bullocks,Nebraska,FS,72.0,209.0,4.49,21.68733850129199,37.5,116.0,4.08,7.09,8-4-0,2.0,40.0,NOR,22.0,2010.0,0.0,0.0,3.0,21.0,19.0,235.0,6.0,1.0,D,47.0,1.2,0.2,2.9375
2005.0,Kevin Burnett,Tennessee,OLB,74.88,239.0,4.61,20.0,36.0,119.0,4.280972644376902,7.203437499999993,5-6-0,2.0,42.0,DAL,22.0,2013.0,0.0,0.0,4.0,40.0,5.0,495.0,5.0,20.0,D,61.88,0.62,2.5,3.8675
2005.0,Vincent Burns,Kentucky,DE,72.38,267.0,4.9,25.0,35.0,119.0,4.41,7.24,3-8-0,3.0,92.0,IND,,2006.0,0.0,0.0,0.0,,,0.0,0.0,0.0,D,0.0,0.0,0.0,0.0
2005.0,Chris Canty,Virginia,DE,79.25,279.0,4.7082217090069305,21.68733850129199,34.358247422680414,116.59947643979058,4.280972644376902,7.203437499999993,7-5-0,4.0,132.0,DAL,22.0,2015.0,0.0,0.0,9.0,46.0,19.0,234.0,0.0,22.5,D,23.4,0.0,2.25,1.4625
2005.0,Jerome Carter,Florida State,SS,71.38,220.0,4.49,21.0,35.0,116.0,4.04,7.18,8-5-0,4.0,117.0,STL,22.0,2007.0,0.0,0.0,0.0,3.0,3.0,62.0,2.0,0.0,D,31.0,1.0,0.0,1.9375
2005.0,Luis Castillo,Northwestern,DT,75.38,303.0,4.82,32.0,34.5,110.0,4.280972644376902,7.203437499999993,7-5-0,1.0,28.0,SDG,22.0,2011.0,0.0,0.0,6.0,33.0,33.0,152.0,2.0,19.0,D,25.33,0.33,3.17,1.583125
2005.0,Ryan Claridge,Nevada Las Vegas,OLB,74.0,254.0,4.7082217090069305,21.68733850129199,34.358247422680414,116.59947643979058,4.280972644376902,7.203437499999993,,5.0,170.0,NWE,,2006.0,0.0,0.0,0.0,,,0.0,0.0,0.0,D,0.0,0.0,0.0,0.0
2005.0,Dan Cody,Oklahoma,DE,77.5,254.0,4.7082217090069305,21.68733850129199,34.358247422680414,116.59947643979058,4.280972644376902,7.203437499999993,8-4-0,2.0,53.0,BAL,23.0,2006.0,0.0,0.0,0.0,0.0,0.0,0.0,0.0,0.0,D,0.0,0.0,0.0,0.0
2005.0,Shaun Cody,Southern California,DT,76.0,293.0,4.95,34.0,34.358247422680414,116.59947643979058,4.280972644376902,7.203437499999993,12-1-0,2.0,37.0,DET,22.0,2012.0,0.0,0.0,4.0,27.0,5.0,122.0,1.0,3.0,D,17.43,0.14,0.43,1.089375
2005.0,Trent Cole,Cincinnati,OLB,74.25,236.0,4.7082217090069305,21.68733850129199,34.358247422680414,116.59947643979058,4.280972644376902,7.203437499999993,4-7-0,5.0,146.0,PHI,22.0,2016.0,0.0,2.0,9.0,70.0,67.0,467.0,1.0,90.5,D,42.45,0.09,8.23,2.653125
2005.0,Nick Collins,Bethune-Cookman (FL),CB,71.13,206.0,4.42,11.0,40.0,113.0,4.16,6.94,,2.0,51.0,GNB,22.0,2011.0,0.0,3.0,6.0,43.0,43.0,345.0,21.0,1.0,D,57.5,3.5,0.17,3.59375
2005.0,Sean Considine,Iowa,FS,72.13,212.0,4.53,19.0,37.0,116.0,3.92,7.09,7-5-0,4.0,102.0,PHI,22.0,2012.0,0.0,0.0,2.0,14.0,9.0,195.0,4.0,2.5,D,27.86,0.57,0.36,1.74125
2005.0,Channing Crowder,Florida,ILB,74.25,252.0,4.7082217090069305,21.68733850129199,34.358247422680414,116.59947643979058,4.280972644376902,7.203437499999993,9-3-0,3.0,70.0,MIA,21.0,2010.0,0.0,0.0,6.0,31.0,31.0,343.0,1.0,2.5,D,68.6,0.2,0.5,4.2875
2005.0,Travis Daniels,Louisiana State,CB,72.63,194.0,4.59,21.68733850129199,35.0,117.0,3.97,6.95,11-2-0,4.0,104.0,MIA,22.0,2012.0,0.0,0.0,1.0,14.0,11.0,145.0,6.0,0.0,D,20.71,0.86,0.0,1.294375
2005.0,Chauncey Davis,Florida State,DE,73.88,273.0,4.84,22.0,37.0,117.0,4.44,7.66,8-5-0,4.0,128.0,ATL,22.0,2011.0,0.0,0.0,1.0,20.0,19.0,150.0,2.0,11.0,D,25.0,0.33,1.83,1.5625
2005.0,Thomas Davis,Georgia,FS,73.0,230.0,4.64,21.68733850129199,36.5,115.0,3.97,7.09,10-3-0,1.0,14.0,CAR,22.0,2020.0,1.0,3.0,12.0,78.0,74.0,859.0,13.0,29.0,D,57.27,0.87,1.93,3.579375
2005.0,Atiyyah Ellison,Missouri,DT,76.25,305.0,5.1,25.0,27.5,99.0,4.79,8.0,7-5-0,3.0,89.0,CAR,23.0,2009.0,0.0,0.0,0.0,0.0,,15.0,0.0,0.0,D,3.75,0.0,0.0,0.234375
2005.0,Ben Emanuel,UCLA,FS,74.75,212.0,4.57,21.0,34.358247422680414,116.59947643979058,4.280972644376902,7.203437499999993,10-2-0,5.0,171.0,CAR,23.0,2005.0,0.0,0.0,0.0,3.0,,34.0,1.0,0.5,D,34.0,1.0,0.0,34.0
2005.0,Ronald Fields,Mississippi State,DT,74.38,313.0,5.16,21.68733850129199,27.0,100.0,4.68,8.01,3-8-0,5.0,137.0,SFO,23.0,2011.0,0.0,0.0,2.0,13.0,6.0,102.0,0.0,1.0,D,17.0,0.0,0.17,1.0625
2005.0,Alfred Fincher,Connecticut,ILB,73.38,238.0,4.68,25.0,31.5,112.0,4.48,7.7,5-6-0,3.0,82.0,NOR,22.0,2008.0,0.0,0.0,0.0,3.0,2.0,18.0,0.0,0.0,D,6.0,0.0,0.0,0.375
2005.0,Dustin Fox,Ohio State,FS,70.88,191.0,4.43,7.0,43.5,116.59947643979058,4.280972644376902,7.203437499999993,10-2-0,3.0,80.0,MIN,22.0,2008.0,0.0,0.0,0.0,0.0,,7.0,0.0,0.0,D,2.33,0.0,0.0,0.145625
2005.0,Domonique Foxworth,Maryland,CB,71.13,184.0,4.39,14.0,41.0,125.0,3.89,6.78,5-6-0,3.0,97.0,DEN,22.0,2011.0,0.0,0.0,2.0,17.0,6.0,228.0,8.0,0.0,D,38.0,1.33,0.0,2.375
2005.0,Vincent Fuller,Virginia Tech,FS,73.13,189.0,4.7082217090069305,21.68733850129199,34.358247422680414,116.59947643979058,4.280972644376902,7.203437499999993,11-2-0,4.0,108.0,TEN,23.0,2011.0,0.0,0.0,0.0,8.0,8.0,142.0,6.0,2.0,D,23.67,1.0,0.33,1.479375
2005.0,Matt Giordano,California,FS,70.75,199.0,4.7082217090069305,21.68733850129199,34.358247422680414,116.59947643979058,4.280972644376902,7.203437499999993,8-4-0,4.0,135.0,IND,22.0,2013.0,0.0,0.0,1.0,16.0,5.0,180.0,11.0,1.0,D,22.5,1.38,0.12,1.40625
2005.0,Eric Green,Virginia Tech,CB,71.38,198.0,4.56,21.68733850129199,38.0,120.0,3.9,7.203437499999993,11-2-0,3.0,75.0,ARI,23.0,2008.0,0.0,0.0,2.0,11.0,11.0,152.0,2.0,0.0,D,50.67,0.67,0.0,3.166875
2005.0,Boomer Grigsby,Illinois State,ILB,71.75,249.0,4.6,32.0,35.5,112.0,4.280972644376902,7.1,,5.0,138.0,KAN,23.0,2008.0,0.0,0.0,0.0,2.0,2.0,31.0,0.0,0.0,D,10.33,0.0,0.0,0.645625
2005.0,Tyjuan Hagler,Cincinnati,OLB,71.6,236.0,4.61,35.0,35.5,114.0,4.07,7.21,4-7-0,5.0,173.0,IND,23.0,2010.0,0.0,0.0,1.0,11.0,11.0,126.0,1.0,2.0,D,25.2,0.2,0.4,1.575
2005.0,Michael Hawkins,Oklahoma,FS,73.25,178.0,4.7082217090069305,21.68733850129199,34.358247422680414,116.59947643979058,4.280972644376902,7.203437499999993,8-4-0,5.0,167.0,GNB,22.0,2006.0,0.0,0.0,0.0,1.0,1.0,13.0,0.0,0.0,D,13.0,0.0,0.0,0.8125
2005.0,Anttaj Hawthorne,Wisconsin,DT,75.38,321.0,5.25,21.0,27.0,98.0,4.69,8.0,10-3-0,6.0,175.0,OAK,23.0,2006.0,0.0,0.0,0.0,1.0,1.0,12.0,0.0,0.0,D,12.0,0.0,0.0,0.75
2005.0,Kelvin Hayden,Illinois,CB,70.38,197.0,4.52,17.0,34.0,111.0,3.9,6.87,2-9-0,2.0,60.0,IND,22.0,2012.0,0.0,0.0,4.0,24.0,21.0,285.0,12.0,0.0,D,40.71,1.71,0.0,2.544375
2005.0,Jovan Haye,Vanderbilt,DE,74.0,284.0,4.77,33.0,34.0,110.0,4.35,7.38,5-6-0,6.0,189.0,CAR,23.0,2011.0,0.0,0.0,3.0,25.0,0.0,128.0,0.0,6.5,D,21.33,0.0,1.08,1.333125
2005.0,Reynaldo Hill,Florida,CB,71.0,187.0,4.7082217090069305,21.68733850129199,34.358247422680414,116.59947643979058,4.280972644376902,7.203437499999993,9-3-0,7.0,218.0,TEN,23.0,2008.0,0.0,0.0,2.0,11.0,11.0,99.0,6.0,0.0,D,33.0,2.0,0.0,2.0625
2005.0,Ellis Hobbs,Iowa State,CB,69.0,192.0,4.49,12.0,42.0,121.0,4.07,6.8,7-5-0,3.0,84.0,NWE,22.0,2010.0,0.0,0.0,4.0,28.0,26.0,185.0,10.0,2.5,D,37.0,2.0,0.5,2.3125
2005.0,Alphonso Hodge,Miami (OH),CB,70.75,203.0,4.47,20.0,34.0,116.59947643979058,3.99,7.203437499999993,7-4-0,5.0,147.0,KAN,,2006.0,0.0,0.0,0.0,,,0.0,0.0,0.0,D,0.0,0.0,0.0,0.0
2005.0,Daven Holly,Cincinnati,CB,70.38,192.0,4.44,15.0,39.0,113.0,4.08,7.16,4-7-0,7.0,215.0,SFO,23.0,2007.0,0.0,0.0,1.0,10.0,,100.0,5.0,0.0,D,50.0,2.5,0.0,3.125
2005.0,Jeb Huckeba,Arkansas,DE,76.38,252.0,4.7082217090069305,21.68733850129199,34.358247422680414,116.59947643979058,4.280972644376902,7.203437499999993,4-7-0,5.0,159.0,SEA,,2006.0,0.0,0.0,0.0,,,0.0,0.0,0.0,D,0.0,0.0,0.0,0.0
2005.0,Marlin Jackson,Michigan,CB,72.63,198.0,4.52,23.0,36.0,125.0,3.96,6.95,7-5-0,1.0,29.0,IND,22.0,2009.0,0.0,0.0,2.0,13.0,13.0,224.0,4.0,0.5,D,56.0,1.0,0.12,3.5
2005.0,Erasmus James,Wisconsin,DE,76.13,266.0,4.86,21.68733850129199,37.5,120.0,4.37,7.56,10-3-0,1.0,18.0,MIN,22.0,2008.0,0.0,0.0,1.0,6.0,6.0,31.0,0.0,5.0,D,10.33,0.0,1.67,0.645625
2005.0,Jason Jefferson,Wisconsin,DT,73.63,310.0,5.1,21.68733850129199,28.5,102.0,4.48,7.8,10-3-0,6.0,193.0,NOR,23.0,2008.0,0.0,0.0,0.0,3.0,,21.0,0.0,0.0,D,7.0,0.0,0.0,0.4375
2005.0,Derrick Johnson,Texas,OLB,75.25,242.0,4.54,21.68733850129199,37.5,120.0,3.87,7.2,13-0-0,1.0,15.0,KAN,22.0,2018.0,1.0,4.0,11.0,84.0,84.0,955.0,14.0,27.5,D,73.46,1.08,2.12,4.59125
2005.0,Derrick Johnson,Texas,OLB,75.25,242.0,4.54,21.68733850129199,37.5,120.0,3.87,7.2,13-0-0,6.0,205.0,SFO,23.0,2006.0,0.0,0.0,0.0,2.0,2.0,36.0,0.0,1.0,D,36.0,0.0,1.0,2.25
2005.0,Travis Johnson,Florida State,DT,75.63,305.0,4.7082217090069305,21.68733850129199,34.358247422680414,116.59947643979058,4.280972644376902,7.203437499999993,8-5-0,1.0,16.0,HOU,23.0,2010.0,0.0,0.0,3.0,16.0,14.0,109.0,1.0,3.0,D,21.8,0.2,0.6,1.3625
2005.0,Adam Jones,West Virginia,CB,69.5,187.0,4.7082217090069305,21.68733850129199,34.358247422680414,116.59947643979058,4.280972644376902,7.203437499999993,11-1-0,1.0,6.0,TEN,21.0,2018.0,1.0,1.0,6.0,52.0,13.0,421.0,17.0,3.0,D,32.38,1.31,0.23,2.02375
2005.0,Eric King,Wake Forest,CB,68.5,189.0,4.49,12.0,34.358247422680414,116.59947643979058,4.280972644376902,7.203437499999993,4-7-0,5.0,156.0,BUF,23.0,2010.0,0.0,0.0,0.0,4.0,1.0,69.0,0.0,0.0,D,13.8,0.0,0.0,0.8625
2005.0,Khari Long,Baylor,DE,75.63,257.0,4.76,27.0,38.5,121.0,4.07,7.22,5-6-0,6.0,199.0,KAN,23.0,2005.0,0.0,0.0,0.0,0.0,0.0,0.0,0.0,0.0,D,0.0,0.0,0.0,0.0
2005.0,Andre Maddox,North Carolina State,SS,72.63,205.0,4.51,17.0,36.5,127.0,4.280972644376902,7.33,7-5-0,5.0,161.0,NYJ,,2006.0,0.0,0.0,0.0,,,0.0,0.0,0.0,D,0.0,0.0,0.0,0.0
2005.0,Matt McCoy,San Diego State,OLB,72.25,245.0,4.7082217090069305,21.68733850129199,34.358247422680414,116.59947643979058,4.280972644376902,7.203437499999993,5-7-0,2.0,63.0,PHI,22.0,2011.0,0.0,0.0,1.0,9.0,6.0,110.0,0.0,2.0,D,18.33,0.0,0.33,1.145625
2005.0,Robert McCune,Louisville,ILB,72.0,245.0,4.51,34.0,34.358247422680414,116.59947643979058,4.280972644376902,7.203437499999993,9-3-0,5.0,154.0,WAS,26.0,2008.0,0.0,0.0,0.0,0.0,0.0,9.0,0.0,0.0,D,3.0,0.0,0.0,0.1875
2005.0,Bryant McFadden,Florida State,CB,71.75,193.0,4.53,23.0,38.5,126.0,4.04,7.203437499999993,8-5-0,2.0,62.0,PIT,23.0,2011.0,0.0,0.0,3.0,25.0,21.0,272.0,9.0,4.0,D,45.33,1.5,0.67,2.833125
2005.0,David McMillan,Kansas,DE,75.0,262.0,4.58,16.0,34.0,120.0,4.07,7.11,7-5-0,5.0,139.0,CLE,23.0,2007.0,0.0,0.0,0.0,2.0,2.0,5.0,0.0,0.0,D,2.5,0.0,0.0,0.15625
2005.0,Shawne Merriman,Maryland,DE,76.38,272.0,4.68,25.0,34.358247422680414,116.59947643979058,4.280972644376902,7.203437499999993,5-6-0,1.0,12.0,SDG,21.0,2012.0,1.0,3.0,4.0,39.0,37.0,196.0,1.0,45.5,D,28.0,0.14,6.5,1.75
2005.0,Justin Miller,Clemson,CB,69.8,201.0,4.46,15.0,41.5,126.0,4.280972644376902,7.203437499999993,8-4-0,2.0,57.0,NYJ,21.0,2012.0,0.0,1.0,0.0,15.0,13.0,81.0,0.0,0.0,D,11.57,0.0,0.0,0.723125
2005.0,Lance Mitchell,Oklahoma,ILB,74.13,247.0,4.91,15.0,33.5,116.59947643979058,4.38,7.49,8-4-0,5.0,168.0,ARI,23.0,2005.0,0.0,0.0,0.0,1.0,1.0,7.0,0.0,0.0,D,7.0,0.0,0.0,7.0
2005.0,Mike Montgomery,Texas A&M,DE,76.88,276.0,5.08,19.0,34.5,115.0,4.32,7.38,5-6-0,6.0,180.0,GNB,22.0,2010.0,0.0,0.0,1.0,9.0,9.0,87.0,0.0,5.0,D,17.4,0.0,1.0,1.0875
2005.0,Eric Moore,Florida State,DE,76.25,268.0,4.85,22.0,29.5,105.0,4.5,7.62,8-5-0,6.0,186.0,NYG,24.0,2011.0,0.0,0.0,0.0,5.0,1.0,34.0,0.0,4.0,D,5.67,0.0,0.67,0.354375
2005.0,Kirk Morrison,San Diego State,ILB,73.0,235.0,4.69,25.0,34.358247422680414,116.59947643979058,4.31,7.203437499999993,5-7-0,3.0,78.0,OAK,23.0,2012.0,0.0,0.0,6.0,39.0,33.0,572.0,7.0,6.0,D,81.71,1.0,0.86,5.106875
2005.0,C.J. Mosley,Missouri,DT,74.0,312.0,5.08,27.0,27.5,100.0,4.65,8.21,7-5-0,6.0,191.0,MIN,22.0,2015.0,0.0,0.0,1.0,21.0,2.0,141.0,0.0,14.0,D,14.1,0.0,1.4,0.88125
2005.0,Jared Newberry,Stanford,OLB,73.13,234.0,4.7082217090069305,21.68733850129199,34.358247422680414,116.59947643979058,4.280972644376902,7.203437499999993,5-6-0,6.0,183.0,WAS,,2006.0,0.0,0.0,0.0,,,0.0,0.0,0.0,D,0.0,0.0,0.0,0.0
2005.0,Donte Nicholson,Oklahoma,SS,73.5,212.0,4.55,18.0,34.358247422680414,116.59947643979058,4.280972644376902,7.203437499999993,8-4-0,5.0,141.0,TAM,23.0,2008.0,0.0,0.0,0.0,1.0,1.0,11.0,0.0,0.0,D,3.67,0.0,0.0,0.229375
2005.0,Mike Patterson,Southern California,DT,71.63,292.0,5.08,26.0,34.358247422680414,116.59947643979058,4.280972644376902,7.203437499999993,12-1-0,1.0,31.0,PHI,22.0,2014.0,0.0,0.0,6.0,50.0,46.0,287.0,1.0,16.5,D,31.89,0.11,1.83,1.993125
2005.0,Karl Paymah,Washington State,CB,72.0,204.0,4.38,15.0,41.5,121.0,3.91,7.09,4-7-0,3.0,76.0,DEN,22.0,2010.0,0.0,0.0,0.0,6.0,6.0,115.0,3.0,0.0,D,23.0,0.6,0.0,1.4375
2005.0,Antonio Perkins,Oklahoma,CB,70.75,190.0,4.53,10.0,40.0,126.0,4.07,7.17,8-4-0,4.0,103.0,CLE,23.0,2006.0,0.0,0.0,0.0,0.0,0.0,2.0,0.0,0.0,D,2.0,0.0,0.0,0.125
2005.0,Kenneth Pettway,Grambling State (LA),OLB,75.0,236.0,4.73,22.0,32.5,114.0,4.31,7.29,,7.0,227.0,HOU,22.0,2008.0,0.0,0.0,0.0,3.0,,15.0,0.0,3.0,D,5.0,0.0,1.0,0.3125
2005.0,David Pollack,Georgia,DE,74.13,265.0,4.81,25.0,37.0,118.0,3.9,6.86,10-3-0,1.0,17.0,CIN,23.0,2006.0,0.0,0.0,0.0,3.0,3.0,22.0,0.0,4.5,D,22.0,0.0,4.5,1.375
2005.0,Brodney Pool,Oklahoma,FS,73.0,207.0,4.7082217090069305,21.68733850129199,34.358247422680414,116.59947643979058,4.280972644376902,7.203437499999993,8-4-0,2.0,34.0,CLE,21.0,2011.0,0.0,0.0,4.0,27.0,21.0,294.0,13.0,5.5,D,49.0,2.17,0.92,3.0625
2005.0,Brady Poppinga,Brigham Young,DE,75.13,259.0,4.63,26.0,35.5,106.0,4.38,7.27,6-6-0,4.0,125.0,GNB,25.0,2012.0,0.0,0.0,4.0,26.0,20.0,226.0,2.0,5.0,D,32.29,0.29,0.71,2.018125
2005.0,Sione Pouha,Utah,DT,75.38,325.0,5.02,32.0,32.5,107.0,4.49,7.84,7-5-0,3.0,88.0,NYJ,26.0,2012.0,0.0,0.0,4.0,49.0,49.0,193.0,0.0,4.5,D,27.57,0.0,0.64,1.723125
2005.0,Jay Ratliff,Auburn,DE,75.75,292.0,4.7082217090069305,21.68733850129199,34.358247422680414,116.59947643979058,4.280972644376902,7.203437499999993,9-3-0,7.0,224.0,DAL,24.0,2015.0,1.0,4.0,7.0,56.0,51.0,195.0,0.0,35.0,D,19.5,0.0,3.5,1.21875
2005.0,Kerry Rhodes,Louisville,FS,74.5,209.0,4.59,12.0,42.0,123.0,4.12,6.94,9-3-0,4.0,123.0,NYJ,23.0,2012.0,0.0,0.0,7.0,48.0,35.0,490.0,23.0,13.0,D,70.0,3.29,1.86,4.375
2005.0,Ryan Riddle,California,DE,73.75,256.0,4.82,18.0,34.358247422680414,116.59947643979058,4.280972644376902,7.203437499999993,8-4-0,6.0,212.0,OAK,24.0,2006.0,0.0,0.0,0.0,1.0,1.0,7.0,0.0,0.0,D,7.0,0.0,0.0,0.4375
2005.0,Carlos Rogers,Auburn,CB,72.38,196.0,4.45,15.0,40.5,126.0,3.82,6.48,9-3-0,1.0,9.0,WAS,24.0,2014.0,0.0,1.0,7.0,49.0,23.0,415.0,17.0,1.0,D,46.11,1.89,0.11,2.881875
2005.0,Antrel Rolle,Miami (FL),CB,72.13,201.0,4.5,15.0,34.358247422680414,116.59947643979058,4.280972644376902,7.203437499999993,9-3-0,1.0,8.0,ARI,22.0,2015.0,0.0,3.0,9.0,54.0,17.0,709.0,26.0,4.0,D,70.9,2.6,0.4,4.43125
2005.0,Matt Roth,Iowa,DE,75.75,278.0,4.83,26.0,32.0,110.0,4.36,7.65,7-5-0,2.0,46.0,MIA,22.0,2011.0,0.0,0.0,5.0,27.0,13.0,216.0,0.0,23.5,D,36.0,0.0,3.92,2.25
2005.0,Stanford Routt,Houston,CB,73.38,193.0,4.33,21.68733850129199,36.5,127.0,3.9,6.63,6-6-0,2.0,38.0,OAK,22.0,2012.0,0.0,0.0,3.0,21.0,18.0,232.0,12.0,2.0,D,33.14,1.71,0.29,2.07125
2005.0,Barrett Ruud,Nebraska,ILB,74.5,241.0,4.76,25.0,34.5,108.0,3.94,7.22,8-4-0,2.0,36.0,TAM,22.0,2012.0,0.0,0.0,5.0,41.0,36.0,479.0,7.0,6.0,D,68.43,1.0,0.86,4.276875
2005.0,James Sanders,Frenso State (CA),SS,70.75,214.0,4.7082217090069305,21.68733850129199,34.358247422680414,116.59947643979058,4.280972644376902,7.203437499999993,,4.0,133.0,NWE,21.0,2012.0,0.0,0.0,2.0,25.0,21.0,252.0,8.0,1.0,D,36.0,1.14,0.14,2.25
2005.0,Gerald Sensabaugh,North Carolina,FS,72.5,214.0,4.48,17.0,46.0,113.0,4.280972644376902,7.203437499999993,5-6-0,5.0,157.0,JAX,22.0,2012.0,0.0,0.0,5.0,31.0,9.0,327.0,14.0,2.0,D,46.71,2.0,0.29,2.919375
2005.0,Adam Seward,Nevada Las Vegas,ILB,74.25,248.0,4.61,33.0,36.5,120.0,4.11,7.16,,5.0,149.0,CAR,23.0,2009.0,0.0,0.0,0.0,4.0,4.0,40.0,0.0,0.0,D,10.0,0.0,0.0,0.625
2005.0,Darrell Shropshire,South Carolina,DT,74.25,301.0,4.9,25.0,34.0,114.0,4.31,7.54,7-5-0,7.0,241.0,ATL,22.0,2006.0,0.0,0.0,0.0,2.0,2.0,23.0,0.0,3.0,D,23.0,0.0,3.0,1.4375
2005.0,Marcus Spears,Louisiana State,DE,76.0,307.0,5.03,15.0,34.358247422680414,116.59947643979058,4.280972644376902,7.203437499999993,11-2-0,1.0,20.0,DAL,22.0,2013.0,0.0,0.0,6.0,35.0,34.0,143.0,0.0,10.0,D,17.88,0.0,1.25,1.1175
2005.0,Nick Speegle,New Mexico,OLB,77.13,242.0,4.7082217090069305,21.68733850129199,34.358247422680414,116.59947643979058,4.280972644376902,7.203437499999993,6-5-0,6.0,176.0,CLE,23.0,2006.0,0.0,0.0,0.0,1.0,1.0,9.0,0.0,0.0,D,9.0,0.0,0.0,0.5625
2005.0,Scott Starks,Wisconsin,CB,68.5,172.0,4.42,13.0,43.0,133.0,3.9,6.99,10-3-0,3.0,87.0,JAX,22.0,2009.0,0.0,0.0,0.0,4.0,4.0,57.0,2.0,0.0,D,14.25,0.5,0.0,0.890625
2005.0,Bill Swancutt,Oregon State,DE,76.0,270.0,5.03,23.0,34.0,113.0,4.24,7.35,5-6-0,6.0,184.0,DET,23.0,2005.0,0.0,0.0,0.0,0.0,0.0,0.0,0.0,0.0,D,0.0,0.0,0.0,0.0
2005.0,Lofa Tatupu,Southern California,ILB,71.88,238.0,4.84,23.0,35.0,113.0,4.16,7.31,12-1-0,2.0,45.0,SEA,22.0,2010.0,1.0,3.0,5.0,48.0,48.0,410.0,10.0,8.5,D,82.0,2.0,1.7,5.125
2005.0,Pat Thomas,North Carolina State,OLB,72.88,238.0,4.7082217090069305,21.68733850129199,34.358247422680414,116.59947643979058,4.280972644376902,7.203437499999993,7-5-0,6.0,194.0,JAX,22.0,2008.0,0.0,0.0,1.0,5.0,2.0,53.0,0.0,0.5,D,17.67,0.0,0.17,1.104375
2005.0,Odell Thurman,Georgia,ILB,72.13,233.0,4.7,23.0,34.0,113.0,4.28,7.47,10-3-0,2.0,48.0,CIN,22.0,2005.0,0.0,0.0,1.0,8.0,8.0,68.0,5.0,1.5,D,68.0,5.0,2.0,68.0
2005.0,Justin Tuck,Notre Dame,DE,77.0,268.0,4.7082217090069305,21.68733850129199,34.358247422680414,116.59947643979058,4.280972644376902,7.203437499999993,9-3-0,3.0,74.0,NYG,22.0,2015.0,1.0,2.0,7.0,64.0,58.0,354.0,3.0,66.5,D,35.4,0.3,6.65,2.2125
2005.0,Marviel Underwood,San Diego State,FS,70.25,205.0,4.52,19.0,38.0,116.0,4.21,7.12,5-7-0,4.0,115.0,GNB,23.0,2005.0,0.0,0.0,0.0,1.0,1.0,28.0,0.0,0.0,D,28.0,0.0,0.0,28.0
2005.0,Jimmy Verdon,Arizona State,DE,75.13,280.0,5.05,18.0,29.5,105.0,4.53,7.89,7-5-0,7.0,232.0,NOR,20.0,2005.0,0.0,0.0,0.0,0.0,0.0,0.0,0.0,0.0,D,0.0,0.0,0.0,0.0
2005.0,Kevin Vickerson,Michigan State,DT,77.0,310.0,5.07,21.68733850129199,32.5,97.0,4.64,7.78,5-6-0,7.0,216.0,MIA,22.0,2014.0,0.0,0.0,3.0,22.0,,120.0,1.0,6.5,D,13.33,0.11,0.72,0.833125
2005.0,Rian Wallace,Temple,OLB,74.25,241.0,4.68,10.0,35.5,111.0,3.94,7.45,0-11-0,5.0,166.0,PIT,23.0,2006.0,0.0,0.0,0.0,2.0,2.0,7.0,1.0,0.0,D,7.0,1.0,0.0,0.4375
2005.0,DeMarcus Ware,Troy (AL),OLB,76.0,251.0,4.6,27.0,38.5,122.0,4.07,6.83,4-7-0,1.0,11.0,DAL,23.0,2016.0,4.0,9.0,11.0,100.0,87.0,505.0,3.0,138.5,D,45.91,0.27,12.59,2.869375
2005.0,Fabian Washington,Nebraska,CB,70.5,188.0,4.31,18.0,41.5,122.0,3.91,7.203437499999993,8-4-0,1.0,23.0,OAK,22.0,2010.0,0.0,0.0,4.0,21.0,10.0,204.0,6.0,0.0,D,40.8,1.2,0.0,2.55
2005.0,Corey Webster,Louisiana State,CB,72.13,199.0,4.51,9.0,34.358247422680414,116.59947643979058,4.280972644376902,7.203437499999993,11-2-0,2.0,43.0,NYG,23.0,2013.0,0.0,0.0,6.0,33.0,33.0,333.0,20.0,2.0,D,41.62,2.5,0.25,2.60125
2005.0,Jonathan Welsh,Wisconsin,OLB,75.25,244.0,4.61,19.0,40.5,128.0,4.22,7.83,10-3-0,5.0,148.0,IND,23.0,2005.0,0.0,0.0,0.0,0.0,0.0,2.0,0.0,0.0,D,2.0,0.0,0.0,2.0
2005.0,Darrent Williams,Oklahoma State,CB,68.63,176.0,4.3,16.0,39.0,124.0,3.96,6.97,4-7-0,2.0,56.0,DEN,22.0,2006.0,0.0,0.0,2.0,10.0,10.0,125.0,6.0,1.0,D,125.0,6.0,1.0,7.8125
2005.0,Stanley Wilson,Stanford,CB,71.75,185.0,4.39,14.0,39.5,123.0,4.280972644376902,7.203437499999993,5-6-0,3.0,72.0,DET,22.0,2007.0,0.0,0.0,0.0,5.0,5.0,64.0,0.0,0.0,D,32.0,0.0,0.0,2.0
2005.0,Cornelius Wortham,Alabama,OLB,73.4,236.0,4.76,22.0,37.0,106.0,4.38,7.203437499999993,10-2-0,7.0,235.0,SEA,23.0,2005.0,0.0,0.0,0.0,1.0,1.0,2.0,0.0,0.0,D,2.0,0.0,0.0,2.0
2006.0,Titus Adams,Nebraska,DT,75.38,306.0,5.12,15.0,30.5,103.0,4.54,7.49,8-4-0,7.0,220.0,NYJ,23.0,2009.0,0.0,0.0,0.0,0.0,,1.0,0.0,0.0,D,0.33,0.0,0.0,0.020625
2006.0,Victor Adeyanju,Indiana,DE,76.25,274.0,4.88,22.0,32.0,112.0,4.41,7.37,4-7-0,4.0,113.0,STL,23.0,2009.0,0.0,0.0,2.0,13.0,13.0,109.0,0.0,3.0,D,36.33,0.0,1.0,2.270625
2006.0,Jason Allen,Tennessee,FS,72.88,209.0,4.41,17.0,39.5,131.0,3.81,6.75,5-6-0,1.0,16.0,MIA,23.0,2012.0,0.0,0.0,1.0,13.0,9.0,213.0,15.0,0.0,D,35.5,2.5,0.0,2.21875
2006.0,Jon Alston,Stanford,OLB,72.75,223.0,4.53,30.0,40.0,132.0,4.13,6.9,5-6-0,3.0,77.0,STL,23.0,2009.0,0.0,0.0,0.0,6.0,0.0,51.0,0.0,0.0,D,17.0,0.0,0.0,1.0625
2006.0,James Anderson,Virginia Tech,OLB,74.75,229.0,4.62,21.68733850129199,41.0,121.0,4.07,6.67,11-2-0,3.0,88.0,CAR,22.0,2015.0,0.0,0.0,4.0,31.0,24.0,421.0,3.0,12.0,D,46.78,0.33,1.33,2.92375
2006.0,Mark Anderson,Alabama,DE,76.25,254.0,4.65,20.0,42.0,127.0,4.22,6.95,10-2-0,5.0,159.0,CHI,23.0,2012.0,0.0,0.0,1.0,21.0,14.0,132.0,0.0,36.5,D,22.0,0.0,6.08,1.375
2006.0,Willie Andrews,Baylor,SS,69.38,193.0,4.45,7.0,36.5,124.0,4.27,6.99,5-6-0,7.0,229.0,NWE,22.0,2007.0,0.0,0.0,0.0,3.0,3.0,12.0,0.0,0.0,D,12.0,0.0,0.0,0.75
2006.0,Charles Bennett,Clemson,DE,75.63,258.0,4.72,19.0,33.5,115.0,4.52,7.48,8-4-0,7.0,241.0,TAM,23.0,2006.0,0.0,0.0,0.0,0.0,0.0,1.0,0.0,0.0,D,1.0,0.0,0.0,1.0
2006.0,Antoine Bethea,Howard (DC),FS,71.0,203.0,4.42,19.0,36.5,127.0,4.11,6.99,,6.0,207.0,IND,22.0,2019.0,0.0,3.0,12.0,63.0,41.0,995.0,25.0,9.5,D,76.54,1.92,0.73,4.78375
2006.0,Darnell Bing,Southern California,SS,74.0,227.0,4.52,17.0,34.0,120.0,4.07,7.25,12-1-0,4.0,101.0,OAK,21.0,2009.0,0.0,0.0,0.0,0.0,,4.0,0.0,0.0,D,1.33,0.0,0.0,0.083125
2006.0,Will Blackmon,Boston College,CB,72.25,198.0,4.49,21.68733850129199,41.0,133.0,4.23,6.67,9-3-0,4.0,115.0,GNB,21.0,2016.0,0.0,0.0,2.0,18.0,5.0,159.0,4.0,3.5,D,15.9,0.4,0.35,0.99375
2006.0,Greg Blue,Georgia,FS,74.25,216.0,4.65,16.0,37.5,120.0,4.280972644376902,7.203437499999993,10-3-0,5.0,149.0,MIN,24.0,2007.0,0.0,0.0,0.0,1.0,1.0,18.0,0.0,0.0,D,18.0,0.0,0.0,1.125
2006.0,Daniel Bullocks,Nebraska,SS,72.5,212.0,4.4,18.0,38.0,124.0,4.16,6.91,8-4-0,2.0,40.0,DET,23.0,2008.0,0.0,0.0,1.0,7.0,7.0,119.0,0.0,1.0,D,59.5,0.0,0.5,3.71875
2006.0,Brodrick Bunkley,Florida State,DT,74.75,306.0,4.96,44.0,32.5,113.0,4.280972644376902,7.203437499999993,8-5-0,1.0,14.0,PHI,22.0,2014.0,0.0,0.0,7.0,41.0,26.0,171.0,0.0,8.5,D,21.38,0.0,1.06,1.33625
2006.0,Barry Cofield,Northwestern,DT,76.0,304.0,5.0,35.0,34.0,105.0,4.35,7.43,7-5-0,4.0,124.0,NYG,22.0,2015.0,0.0,0.0,8.0,44.0,29.0,208.0,0.0,19.5,D,23.11,0.0,2.17,1.444375
2006.0,Antonio Cromartie,Florida State,CB,74.13,208.0,4.5,18.0,38.0,132.0,4.280972644376902,7.203437499999993,8-5-0,1.0,19.0,SDG,22.0,2016.0,1.0,4.0,8.0,61.0,24.0,376.0,31.0,0.0,D,37.6,3.1,0.0,2.35
2006.0,Tyrone Culver,Frenso State (CA),FS,72.75,200.0,4.7082217090069305,21.68733850129199,34.358247422680414,116.59947643979058,4.280972644376902,7.203437499999993,,6.0,185.0,GNB,23.0,2012.0,0.0,0.0,0.0,7.0,1.0,109.0,2.0,1.0,D,18.17,0.33,0.17,1.135625
2006.0,Tim Dobbins,Iowa State,ILB,73.13,246.0,4.61,23.0,35.5,110.0,4.39,7.25,7-5-0,5.0,151.0,SDG,23.0,2014.0,0.0,0.0,1.0,19.0,9.0,198.0,3.0,2.0,D,24.75,0.38,0.25,1.546875
2006.0,Reed Doughty,Northern Colorado,FS,72.5,209.0,4.68,15.0,37.0,121.0,4.17,6.66,,6.0,173.0,WAS,23.0,2013.0,0.0,0.0,3.0,20.0,20.0,336.0,3.0,3.5,D,48.0,0.43,0.5,3.0
2006.0,Elvis Dumervil,Louisville,DE,71.38,257.0,4.78,30.0,34.358247422680414,116.59947643979058,4.280972644376902,7.203437499999993,9-3-0,4.0,126.0,DEN,22.0,2017.0,2.0,5.0,6.0,64.0,42.0,263.0,1.0,105.5,D,23.91,0.09,9.59,1.494375
2006.0,Dusty Dvoracek,Oklahoma,DT,74.75,306.0,5.07,31.0,34.0,110.0,4.35,7.62,8-4-0,3.0,73.0,CHI,25.0,2008.0,0.0,0.0,1.0,6.0,6.0,24.0,0.0,0.0,D,12.0,0.0,0.0,0.75
2006.0,Ray Edwards,Purdue,DE,76.75,273.0,4.82,30.0,39.0,114.0,4.57,7.71,5-6-0,4.0,127.0,MIN,21.0,2012.0,0.0,0.0,5.0,37.0,27.0,168.0,0.0,33.0,D,28.0,0.0,5.5,1.75
2006.0,Keith Ellison,Oregon State,OLB,73.5,235.0,4.83,24.0,32.5,115.0,4.16,7.22,5-6-0,6.0,178.0,BUF,22.0,2010.0,0.0,0.0,3.0,19.0,19.0,164.0,2.0,2.0,D,41.0,0.5,0.5,2.5625
2006.0,Fred Evans,Texas State,DT,75.88,305.0,4.7082217090069305,21.68733850129199,34.358247422680414,116.59947643979058,4.280972644376902,7.203437499999993,0-1-0,7.0,212.0,MIA,22.0,2013.0,0.0,0.0,0.0,9.0,0.0,66.0,0.0,3.0,D,9.43,0.0,0.43,0.589375
2006.0,Cortland Finnegan,Samford (AL),CB,69.88,188.0,4.7082217090069305,21.68733850129199,34.358247422680414,116.59947643979058,4.280972644376902,7.203437499999993,,7.0,215.0,TEN,22.0,2015.0,1.0,1.0,7.0,52.0,42.0,541.0,18.0,7.0,D,60.11,2.0,0.78,3.756875
2006.0,Omar Gaither,Tennessee,OLB,73.0,234.0,4.8,23.0,37.0,116.0,4.28,7.31,5-6-0,5.0,168.0,PHI,22.0,2013.0,0.0,0.0,2.0,25.0,21.0,264.0,2.0,6.0,D,37.71,0.29,0.86,2.356875
2006.0,Chris Gocong,Cal Poly,DE,74.13,263.0,4.7,28.0,38.5,123.0,4.08,7.06,,3.0,71.0,PHI,22.0,2012.0,0.0,0.0,5.0,30.0,16.0,228.0,0.0,9.5,D,38.0,0.0,1.58,2.375
2006.0,Kedric Golston,Georgia,DT,76.0,300.0,4.94,31.0,33.0,111.0,4.45,7.6,10-3-0,6.0,196.0,WAS,23.0,2016.0,0.0,0.0,4.0,27.0,27.0,137.0,0.0,7.0,D,13.7,0.0,0.7,0.85625
2006.0,Chad Greenway,Iowa,OLB,74.5,242.0,4.8,16.0,33.5,117.0,4.22,7.0,7-5-0,1.0,17.0,MIN,23.0,2016.0,0.0,2.0,10.0,64.0,64.0,762.0,11.0,18.0,D,76.2,1.1,1.8,4.7625
2006.0,Cedric Griffin,Texas,FS,72.13,199.0,4.54,17.0,35.5,125.0,4.1,6.84,13-0-0,2.0,48.0,MIN,23.0,2012.0,0.0,0.0,4.0,26.0,25.0,352.0,8.0,0.0,D,58.67,1.33,0.0,3.666875
2006.0,Parys Haralson,Tennessee,DE,73.25,253.0,4.84,24.0,32.0,115.0,4.26,7.37,5-6-0,5.0,140.0,SFO,22.0,2014.0,0.0,0.0,7.0,37.0,29.0,190.0,0.0,28.0,D,23.75,0.0,3.5,1.484375
2006.0,Jason Hatcher,Grambling State (LA),DE,77.88,284.0,4.91,28.0,35.5,113.0,4.49,7.67,,3.0,92.0,DAL,24.0,2015.0,0.0,1.0,5.0,34.0,23.0,177.0,1.0,34.5,D,19.67,0.11,3.83,1.229375
2006.0,A.J. Hawk,Ohio State,OLB,73.0,248.0,4.64,24.0,40.0,115.0,3.96,6.82,10-2-0,1.0,5.0,GNB,22.0,2016.0,0.0,0.0,10.0,59.0,56.0,645.0,9.0,20.0,D,64.5,0.9,2.0,4.03125
2006.0,Brent Hawkins,Illinois State,DE,74.25,244.0,4.7082217090069305,21.68733850129199,34.358247422680414,116.59947643979058,4.280972644376902,7.203437499999993,,5.0,160.0,JAX,23.0,2007.0,0.0,0.0,0.0,3.0,3.0,19.0,0.0,5.5,D,19.0,0.0,5.5,1.1875
2006.0,Tye Hill,Clemson,CB,69.63,185.0,4.34,21.68733850129199,41.0,129.0,4.01,6.63,8-4-0,1.0,15.0,STL,24.0,2010.0,0.0,0.0,0.0,9.0,7.0,117.0,5.0,0.0,D,29.25,1.25,0.0,1.828125
2006.0,Abdul Hodge,Iowa,ILB,72.38,236.0,4.82,21.68733850129199,31.0,108.0,4.3,7.09,7-5-0,3.0,67.0,GNB,23.0,2010.0,0.0,0.0,0.0,2.0,1.0,25.0,0.0,0.0,D,6.25,0.0,0.0,0.390625
2006.0,Thomas Howard,Texas-El Paso,OLB,75.25,239.0,4.46,21.0,39.0,124.0,4.28,6.96,8-4-0,2.0,38.0,OAK,23.0,2013.0,0.0,0.0,5.0,34.0,26.0,392.0,7.0,6.0,D,56.0,1.0,0.86,3.5
2006.0,Marcus Hudson,North Carolina State,FS,73.13,194.0,4.7082217090069305,11.0,34.358247422680414,116.59947643979058,4.280972644376902,7.203437499999993,7-5-0,6.0,192.0,SFO,23.0,2010.0,0.0,0.0,0.0,5.0,4.0,71.0,0.0,0.0,D,17.75,0.0,0.0,1.109375
2006.0,Michael Huff,Texas,SS,72.0,204.0,4.37,21.0,40.5,125.0,4.280972644376902,7.203437499999993,13-0-0,1.0,7.0,OAK,23.0,2013.0,0.0,0.0,6.0,33.0,33.0,371.0,11.0,5.5,D,53.0,1.57,0.79,3.3125
2006.0,Clint Ingram,Oklahoma,OLB,73.75,244.0,4.65,22.0,41.0,116.59947643979058,4.1,7.12,8-4-0,3.0,80.0,JAX,23.0,2009.0,0.0,0.0,3.0,21.0,21.0,158.0,2.0,5.5,D,52.67,0.67,1.83,3.291875
2006.0,D'Qwell Jackson,Maryland,ILB,72.5,230.0,4.77,19.0,37.0,116.0,4.36,7.05,5-6-0,2.0,34.0,CLE,22.0,2016.0,0.0,1.0,9.0,63.0,40.0,754.0,9.0,19.5,D,75.4,0.9,1.95,4.7125
2006.0,Julian Jenkins,Stanford,DE,75.63,277.0,5.09,25.0,34.5,110.0,4.23,7.11,5-6-0,5.0,156.0,TAM,22.0,2006.0,0.0,0.0,0.0,1.0,1.0,6.0,0.0,0.0,D,6.0,0.0,0.0,6.0
2006.0,Kelly Jennings,Miami (FL),CB,70.88,178.0,4.44,21.68733850129199,40.0,120.0,4.0,7.203437499999993,9-3-0,1.0,31.0,SEA,23.0,2011.0,0.0,0.0,2.0,18.0,18.0,211.0,2.0,1.0,D,42.2,0.4,0.2,2.6375
2006.0,Tim Jennings,Georgia,CB,67.75,185.0,4.38,17.0,37.5,117.0,4.280972644376902,7.203437499999993,10-3-0,2.0,62.0,IND,22.0,2015.0,0.0,2.0,6.0,43.0,9.0,396.0,20.0,0.0,D,44.0,2.22,0.0,2.75
2006.0,Brandon Johnson,Louisville,OLB,76.88,228.0,4.52,11.0,37.0,118.0,4.34,7.17,9-3-0,5.0,142.0,ARI,23.0,2012.0,0.0,0.0,1.0,13.0,0.0,133.0,3.0,3.5,D,22.17,0.5,0.58,1.385625
2006.0,Johnny Jolly,Texas A&M,DT,75.25,317.0,5.46,21.68733850129199,34.358247422680414,104.0,4.280972644376902,7.203437499999993,5-6-0,6.0,183.0,GNB,23.0,2013.0,0.0,0.0,3.0,23.0,23.0,89.0,1.0,3.0,D,12.71,0.14,0.43,0.794375
2006.0,Johnathan Joseph,South Carolina,CB,71.0,193.0,4.37,15.0,37.0,123.0,4.23,6.92,7-5-0,1.0,24.0,CIN,22.0,2020.0,0.0,2.0,14.0,67.0,16.0,670.0,32.0,0.0,D,47.86,2.29,0.0,2.99125
2006.0,Freddy Keiaho,San Diego State,ILB,71.25,224.0,4.65,15.0,36.0,113.0,4.12,7.01,5-7-0,3.0,94.0,IND,23.0,2009.0,0.0,0.0,2.0,15.0,15.0,189.0,1.0,1.5,D,63.0,0.33,0.5,3.9375
2006.0,Mathias Kiwanuka,Boston College,DE,77.75,266.0,4.74,17.0,32.0,120.0,4.13,7.27,9-3-0,1.0,32.0,NYG,23.0,2014.0,0.0,0.0,5.0,36.0,36.0,301.0,3.0,38.5,D,37.62,0.38,4.81,2.35125
2006.0,Ryan LaCasse,Syracuse,DE,74.38,257.0,4.62,34.0,34.0,113.0,4.3,7.25,1-10-0,7.0,219.0,BAL,23.0,2006.0,0.0,0.0,0.0,1.0,,6.0,0.0,0.0,D,6.0,0.0,0.0,6.0
2006.0,Dawan Landry,Georgia Tech,SS,72.88,220.0,4.69,18.0,37.5,124.0,4.27,7.203437499999993,7-5-0,5.0,146.0,BAL,23.0,2014.0,0.0,0.0,8.0,43.0,22.0,562.0,13.0,8.0,D,70.25,1.62,1.0,4.390625
2006.0,Manny Lawson,North Carolina State,OLB,77.38,241.0,4.47,23.0,39.5,124.0,4.18,6.9,7-5-0,1.0,22.0,SFO,22.0,2015.0,0.0,0.0,7.0,46.0,23.0,352.0,4.0,24.5,D,39.11,0.44,2.72,2.444375
2006.0,Josh Lay,Pittsburgh,CB,72.0,197.0,4.48,16.0,40.5,120.0,4.280972644376902,7.203437499999993,5-6-0,6.0,174.0,NOR,,2006.0,0.0,0.0,0.0,,,0.0,0.0,0.0,D,0.0,0.0,0.0,0.0
2006.0,Jonathan Lewis,Virginia Tech,DT,73.13,309.0,4.99,24.0,33.5,111.0,4.4,7.4,11-2-0,6.0,177.0,ARI,22.0,2006.0,0.0,0.0,0.0,0.0,0.0,3.0,0.0,0.0,D,3.0,0.0,0.0,3.0
2006.0,Calvin Lowry,Penn State,SS,71.0,200.0,4.58,15.0,36.0,120.0,4.2,7.16,11-1-0,4.0,102.0,TEN,23.0,2008.0,0.0,0.0,0.0,7.0,6.0,68.0,2.0,0.0,D,34.0,1.0,0.0,2.125
2006.0,Jesse Mahelona,Tennessee,DT,72.5,311.0,4.7082217090069305,21.68733850129199,34.358247422680414,116.59947643979058,4.280972644376902,7.203437499999993,5-6-0,5.0,169.0,TEN,23.0,2007.0,0.0,0.0,0.0,1.0,1.0,16.0,0.0,1.0,D,16.0,0.0,1.0,1.0
2006.0,Danieal Manning,Abilene Christian (TX),CB,70.75,202.0,4.5,17.0,39.0,123.0,4.07,7.23,,2.0,42.0,CHI,24.0,2014.0,0.0,0.0,6.0,37.0,22.0,435.0,11.0,4.0,D,54.38,1.38,0.5,3.39875
2006.0,Richard Marshall,Frenso State (CA),CB,71.13,189.0,4.46,12.0,37.0,129.0,4.16,6.65,,2.0,58.0,CAR,21.0,2014.0,0.0,0.0,3.0,32.0,24.0,526.0,18.0,7.0,D,65.75,2.25,0.88,4.109375
2006.0,Derrick Martin,Wyoming,CB,70.0,202.0,4.54,17.0,40.0,127.0,3.95,6.72,4-7-0,6.0,208.0,BAL,21.0,2013.0,0.0,0.0,0.0,6.0,3.0,77.0,3.0,1.0,D,11.0,0.43,0.14,0.6875
2006.0,Marcus Maxey,Miami (FL),CB,73.5,198.0,4.5,14.0,41.5,129.0,4.280972644376902,7.203437499999993,9-3-0,5.0,154.0,KAN,23.0,2006.0,0.0,0.0,0.0,0.0,0.0,0.0,0.0,0.0,D,0.0,0.0,0.0,0.0
2006.0,Dee McCann,West Virginia,CB,71.25,197.0,4.54,21.68733850129199,40.5,122.0,4.38,7.35,11-1-0,6.0,179.0,DET,,2006.0,0.0,0.0,0.0,,,0.0,0.0,0.0,D,0.0,0.0,0.0,0.0
2006.0,John McCargo,North Carolina State,DT,73.5,302.0,5.19,25.0,30.5,110.0,4.48,7.79,7-5-0,1.0,26.0,BUF,23.0,2011.0,0.0,0.0,0.0,3.0,3.0,35.0,0.0,2.5,D,7.0,0.0,0.5,0.4375
2006.0,Stanley McClover,Auburn,DE,74.38,262.0,4.72,19.0,39.0,114.0,4.5,7.87,9-3-0,7.0,237.0,CAR,21.0,2008.0,0.0,0.0,0.0,1.0,1.0,7.0,0.0,1.0,D,3.5,0.0,0.5,0.21875
2006.0,Tim McGarigle,Northwestern,ILB,72.63,242.0,4.78,21.68733850129199,38.0,118.0,4.07,7.09,7-5-0,7.0,221.0,STL,22.0,2007.0,0.0,0.0,0.0,1.0,1.0,6.0,0.0,0.0,D,6.0,0.0,0.0,0.375
2006.0,Gerrick McPhearson,Maryland,CB,70.13,196.0,4.46,18.0,41.5,129.0,4.280972644376902,7.203437499999993,5-6-0,7.0,232.0,NYG,,2006.0,0.0,0.0,0.0,,,0.0,0.0,0.0,D,0.0,0.0,0.0,0.0
2006.0,Jeremy Mincey,Florida,DE,75.5,259.0,4.78,27.0,33.5,116.0,4.25,6.99,9-3-0,6.0,191.0,NWE,22.0,2015.0,0.0,0.0,4.0,30.0,,152.0,1.0,26.0,D,16.89,0.11,2.89,1.055625
2006.0,DeMario Minter,Georgia,CB,71.13,190.0,4.54,10.0,38.5,131.0,4.1,6.87,10-3-0,5.0,152.0,CLE,,2006.0,0.0,0.0,0.0,,,0.0,0.0,0.0,D,0.0,0.0,0.0,0.0
2006.0,Terna Nande,Miami (OH),OLB,72.13,232.0,4.55,41.0,39.0,124.0,4.11,6.97,7-4-0,5.0,137.0,TEN,23.0,2006.0,0.0,0.0,0.0,0.0,0.0,1.0,0.0,0.0,D,1.0,0.0,0.0,1.0
2006.0,Haloti Ngata,Oregon,DT,76.13,338.0,5.18,37.0,31.5,110.0,4.65,7.95,10-2-0,1.0,12.0,BAL,22.0,2018.0,2.0,5.0,12.0,99.0,91.0,329.0,5.0,32.5,D,27.42,0.42,2.71,1.71375
2006.0,A.J. Nicholson,Florida State,OLB,72.75,252.0,4.9,25.0,34.358247422680414,116.0,4.43,7.37,8-5-0,5.0,157.0,CIN,23.0,2006.0,0.0,0.0,0.0,0.0,0.0,0.0,0.0,0.0,D,0.0,0.0,0.0,0.0
2006.0,Rob Ninkovich,Purdue,DE,75.13,260.0,4.93,23.0,34.5,116.0,4.18,6.96,5-6-0,5.0,135.0,NOR,22.0,2016.0,0.0,0.0,7.0,50.0,0.0,273.0,5.0,46.0,D,27.3,0.5,4.6,1.70625
2006.0,Melvin Oliver,Louisiana State,DE,74.75,276.0,4.7082217090069305,21.68733850129199,34.358247422680414,116.59947643979058,4.280972644376902,7.203437499999993,11-2-0,6.0,197.0,SFO,23.0,2006.0,0.0,0.0,1.0,6.0,6.0,35.0,0.0,1.0,D,35.0,0.0,1.0,35.0
2006.0,Babatunde Oshinowo,Stanford,DT,73.63,304.0,5.32,33.0,32.0,105.0,4.54,7.87,5-6-0,6.0,181.0,CLE,23.0,2007.0,0.0,0.0,0.0,0.0,0.0,2.0,0.0,0.0,D,2.0,0.0,0.0,0.125
2006.0,Chase Page,North Carolina,DT,76.5,290.0,4.7082217090069305,21.68733850129199,34.358247422680414,116.59947643979058,4.280972644376902,7.203437499999993,5-6-0,7.0,225.0,SDG,23.0,2007.0,0.0,0.0,0.0,0.0,,4.0,0.0,0.0,D,4.0,0.0,0.0,0.25
2006.0,Jarrad Page,UCLA,SS,72.38,239.0,4.64,21.68733850129199,38.0,127.0,4.14,6.68,10-2-0,7.0,228.0,KAN,21.0,2011.0,0.0,0.0,2.0,18.0,16.0,190.0,12.0,1.0,D,38.0,2.4,0.2,2.375
2006.0,Domata Peko,Michigan State,DT,74.75,307.0,5.28,25.0,28.5,103.0,4.49,7.69,5-6-0,4.0,123.0,CIN,21.0,2020.0,0.0,0.0,12.0,68.0,59.0,321.0,0.0,20.0,D,22.93,0.0,1.43,1.433125
2006.0,Charlie Peprah,Alabama,SS,70.88,206.0,4.7,15.0,37.5,119.0,4.09,6.81,10-2-0,5.0,158.0,NYG,23.0,2012.0,0.0,0.0,2.0,11.0,,142.0,8.0,0.0,D,23.67,1.33,0.0,1.479375
2006.0,Justin Phinisee,Oregon,SS,70.5,198.0,4.7082217090069305,21.68733850129199,34.358247422680414,116.59947643979058,4.280972644376902,7.203437499999993,10-2-0,7.0,235.0,TAM,,2006.0,0.0,0.0,0.0,,,0.0,0.0,0.0,D,0.0,0.0,0.0,0.0
2006.0,David Pittman,Northwestern State (LA),CB,71.25,182.0,4.49,14.0,36.0,128.0,4.23,7.203437499999993,,3.0,87.0,BAL,22.0,2007.0,0.0,0.0,0.0,1.0,1.0,9.0,2.0,0.0,D,9.0,2.0,0.0,0.5625
2006.0,Bernard Pollard,Purdue,SS,73.63,224.0,4.6,21.68733850129199,36.5,131.0,4.280972644376902,7.203437499999993,5-6-0,2.0,54.0,KAN,21.0,2014.0,0.0,0.0,7.0,36.0,11.0,553.0,12.0,10.5,D,69.12,1.5,1.31,4.32
2006.0,Frostee Rucker,Southern California,DE,75.25,267.0,4.94,21.68733850129199,29.5,110.0,4.280972644376902,7.203437499999993,12-1-0,3.0,91.0,CIN,22.0,2018.0,0.0,0.0,5.0,41.0,10.0,201.0,1.0,21.5,D,16.75,0.08,1.79,1.046875
2006.0,T.J. Rushing,Stanford,CB,70.38,180.0,4.7082217090069305,21.68733850129199,34.358247422680414,116.59947643979058,4.280972644376902,7.203437499999993,5-6-0,7.0,238.0,IND,23.0,2009.0,0.0,0.0,0.0,3.0,3.0,26.0,0.0,0.0,D,8.67,0.0,0.0,0.541875
2006.0,DeMeco Ryans,Alabama,OLB,73.25,236.0,4.67,23.0,39.0,129.0,4.17,7.19,10-2-0,2.0,33.0,HOU,22.0,2015.0,0.0,2.0,8.0,57.0,38.0,735.0,7.0,13.5,D,81.67,0.78,1.5,5.104375
2006.0,Nate Salley,Ohio State,FS,73.75,216.0,4.64,14.0,40.0,123.0,4.15,6.79,10-2-0,4.0,121.0,CAR,22.0,2008.0,0.0,0.0,0.0,2.0,2.0,9.0,0.0,0.0,D,4.5,0.0,0.0,0.28125
2006.0,Anthony Schlegel,Ohio State,ILB,72.5,250.0,4.86,21.0,32.0,111.0,4.38,7.41,10-2-0,3.0,76.0,NYJ,25.0,2007.0,0.0,0.0,0.0,2.0,0.0,21.0,0.0,0.0,D,21.0,0.0,0.0,1.3125
2006.0,Kevin Simon,Tennessee,OLB,70.0,235.0,4.93,26.0,28.0,103.0,4.32,7.69,5-6-0,7.0,250.0,WAS,,2006.0,0.0,0.0,0.0,,,0.0,0.0,0.0,D,0.0,0.0,0.0,0.0
2006.0,Ko Simpson,South Carolina,FS,73.0,209.0,4.45,11.0,40.5,122.0,4.17,7.09,7-5-0,4.0,105.0,BUF,22.0,2009.0,0.0,0.0,2.0,13.0,11.0,129.0,3.0,1.0,D,43.0,1.0,0.33,2.6875
2006.0,Ernie Sims,Florida State,OLB,71.13,231.0,4.56,25.0,41.0,125.0,4.22,7.31,8-5-0,1.0,9.0,DET,21.0,2013.0,0.0,0.0,4.0,30.0,19.0,420.0,1.0,5.5,D,60.0,0.14,0.79,3.75
2006.0,Anthony Smith,Syracuse,FS,72.13,194.0,4.71,18.0,41.0,125.0,4.35,6.75,1-10-0,3.0,83.0,PIT,22.0,2011.0,0.0,0.0,1.0,12.0,9.0,146.0,7.0,0.0,D,29.2,1.4,0.0,1.825
2006.0,Eric Smith,Michigan State,SS,73.0,209.0,4.63,21.0,40.0,127.0,4.1,6.89,5-6-0,3.0,97.0,NYJ,23.0,2012.0,0.0,0.0,1.0,16.0,16.0,225.0,6.0,3.5,D,37.5,1.0,0.58,2.34375
2006.0,Montavious Stanley,Louisville,DT,74.13,313.0,5.18,21.68733850129199,29.0,106.0,4.6,8.06,9-3-0,6.0,182.0,DAL,24.0,2009.0,0.0,0.0,0.0,5.0,,46.0,0.0,1.5,D,15.33,0.0,0.5,0.958125
2006.0,Darryl Tapp,Virginia Tech,DE,73.63,252.0,4.86,27.0,33.0,109.0,4.48,7.31,11-2-0,2.0,63.0,SEA,21.0,2017.0,0.0,0.0,2.0,30.0,21.0,262.0,2.0,29.0,D,23.82,0.18,2.64,1.48875
2006.0,Spencer Toone,Utah,OLB,73.13,235.0,4.7082217090069305,21.68733850129199,34.358247422680414,116.59947643979058,4.280972644376902,7.203437499999993,7-5-0,7.0,245.0,TEN,26.0,2006.0,0.0,0.0,0.0,0.0,0.0,0.0,0.0,0.0,D,0.0,0.0,0.0,0.0
2006.0,Stephen Tulloch,North Carolina State,ILB,70.75,241.0,4.93,27.0,33.5,113.0,4.15,7.19,7-5-0,4.0,116.0,TEN,21.0,2016.0,0.0,0.0,7.0,50.0,21.0,683.0,5.0,14.5,D,68.3,0.5,1.45,4.26875
2006.0,Vickiel Vaughn,Arkansas,FS,71.63,208.0,4.7082217090069305,21.68733850129199,34.358247422680414,116.59947643979058,4.280972644376902,7.203437499999993,4-7-0,7.0,254.0,SFO,,2006.0,0.0,0.0,0.0,,,0.0,0.0,0.0,D,0.0,0.0,0.0,0.0
2006.0,Pat Watkins,Florida State,FS,76.75,211.0,4.48,14.0,41.0,133.0,4.280972644376902,7.203437499999993,8-5-0,5.0,138.0,DAL,23.0,2010.0,0.0,0.0,1.0,7.0,7.0,104.0,4.0,0.0,D,26.0,1.0,0.0,1.625
2006.0,Gabe Watson,Michigan,DT,75.5,339.0,5.29,36.0,25.0,96.0,4.8,8.28,7-5-0,4.0,107.0,ARI,22.0,2010.0,0.0,0.0,1.0,12.0,12.0,81.0,0.0,2.0,D,20.25,0.0,0.5,1.265625
2006.0,Dee Webb,Florida,CB,70.75,183.0,4.45,21.68733850129199,36.5,121.0,4.280972644376902,7.203437499999993,9-3-0,7.0,236.0,JAX,21.0,2006.0,0.0,0.0,0.0,1.0,1.0,15.0,1.0,0.0,D,15.0,1.0,0.0,15.0
2006.0,Donte Whitner,Ohio State,SS,70.1,204.0,4.44,18.0,40.0,132.0,4.280972644376902,7.203437499999993,10-2-0,1.0,8.0,BUF,21.0,2016.0,0.0,2.0,10.0,48.0,18.0,668.0,11.0,3.0,D,66.8,1.1,0.3,4.175
2006.0,Gerris Wilkinson,Georgia Tech,ILB,75.0,233.0,4.68,19.0,39.0,122.0,4.17,7.21,7-5-0,3.0,96.0,NYG,23.0,2010.0,0.0,0.0,0.0,6.0,6.0,54.0,0.0,0.0,D,13.5,0.0,0.0,0.84375
2006.0,Jamar Williams,Arizona State,OLB,72.25,236.0,4.63,21.68733850129199,37.0,120.0,4.29,7.03,7-5-0,4.0,120.0,CHI,22.0,2010.0,0.0,0.0,0.0,5.0,5.0,70.0,0.0,1.0,D,17.5,0.0,0.25,1.09375
2006.0,Jimmy Williams,Virginia Tech,CB,74.38,213.0,4.7082217090069305,21.68733850129199,34.358247422680414,116.59947643979058,4.280972644376902,7.203437499999993,11-2-0,2.0,37.0,ATL,22.0,2007.0,0.0,0.0,0.0,4.0,4.0,41.0,1.0,0.0,D,41.0,1.0,0.0,2.5625
2006.0,Leon Williams,Miami (FL),ILB,75.0,245.0,4.6,25.0,34.358247422680414,116.59947643979058,4.280972644376902,7.203437499999993,9-3-0,4.0,110.0,CLE,23.0,2012.0,0.0,0.0,0.0,10.0,9.0,129.0,0.0,5.0,D,21.5,0.0,0.83,1.34375
2006.0,Mario Williams,North Carolina State,DE,74.4,269.0,4.75,25.0,34.0,111.0,4.54,7.49,7-5-0,1.0,1.0,HOU,21.0,2016.0,1.0,4.0,9.0,76.0,34.0,317.0,0.0,97.5,D,31.7,0.0,9.75,1.98125
2006.0,Kamerion Wimbley,Florida State,DE,75.88,248.0,4.64,24.0,38.5,129.0,4.48,6.97,8-5-0,1.0,13.0,CLE,22.0,2014.0,0.0,0.0,8.0,44.0,23.0,322.0,2.0,53.5,D,40.25,0.25,6.69,2.515625
2006.0,Rodrique Wright,Texas,DT,77.13,300.0,5.11,31.0,32.0,110.0,4.51,7.84,13-0-0,7.0,226.0,MIA,22.0,2008.0,0.0,0.0,0.0,4.0,4.0,28.0,0.0,1.5,D,14.0,0.0,0.75,0.875
2006.0,Claude Wroten,Louisiana State,DT,74.0,302.0,4.7082217090069305,21.68733850129199,34.358247422680414,116.59947643979058,4.280972644376902,7.203437499999993,11-2-0,3.0,68.0,STL,22.0,2007.0,0.0,0.0,0.0,2.0,2.0,21.0,0.0,1.5,D,21.0,0.0,1.5,1.3125
2006.0,James Wyche,Syracuse,DE,77.4,262.0,4.66,27.0,33.0,116.0,4.51,7.75,1-10-0,7.0,213.0,JAX,24.0,2009.0,0.0,0.0,0.0,0.0,0.0,1.0,0.0,0.0,D,0.33,0.0,0.0,0.020625
2007.0,Victor Abiamiri,Notre Dame,DE,76.25,267.0,4.85,25.0,34.358247422680414,116.59947643979058,4.280972644376902,7.203437499999993,9-3-0,2.0,57.0,PHI,21.0,2009.0,0.0,0.0,0.0,5.0,5.0,22.0,0.0,4.0,D,11.0,0.0,2.0,0.6875
2007.0,Gaines Adams,Clemson,DE,76.75,258.0,4.67,21.68733850129199,35.0,119.0,4.36,7.17,8-4-0,1.0,4.0,TAM,24.0,2009.0,0.0,0.0,1.0,17.0,17.0,67.0,2.0,13.5,D,33.5,1.0,6.75,2.09375
2007.0,Ikaika Alama-Francis,Hawaii,DE,77.0,280.0,4.7082217090069305,21.68733850129199,34.358247422680414,116.59947643979058,4.280972644376902,7.203437499999993,5-7-0,2.0,58.0,DET,22.0,2011.0,0.0,0.0,0.0,2.0,1.0,30.0,0.0,1.0,D,7.5,0.0,0.25,0.46875
2007.0,Gerald Alexander,Boise State,FS,72.38,210.0,4.53,15.0,41.0,124.0,4.21,7.24,9-4-0,2.0,61.0,DET,23.0,2011.0,0.0,0.0,2.0,11.0,6.0,121.0,4.0,2.0,D,30.25,1.0,0.5,1.890625
2007.0,Rufus Alexander,Oklahoma,OLB,72.88,228.0,4.8,25.0,35.0,117.0,4.3,7.06,8-4-0,6.0,176.0,MIN,24.0,2008.0,0.0,0.0,0.0,0.0,0.0,0.0,0.0,0.0,D,0.0,0.0,0.0,0.0
2007.0,Jay Alford,Penn State,DT,75.38,304.0,5.21,21.68733850129199,25.5,103.0,4.83,7.81,11-1-0,3.0,81.0,NYG,24.0,2010.0,0.0,0.0,0.0,4.0,4.0,13.0,0.0,3.5,D,4.33,0.0,1.17,0.270625
2007.0,Jamaal Anderson,Arkansas,DE,77.38,288.0,4.7082217090069305,21.68733850129199,34.358247422680414,116.59947643979058,4.280972644376902,7.203437499999993,4-7-0,1.0,8.0,ATL,21.0,2012.0,0.0,0.0,3.0,20.0,19.0,96.0,0.0,7.5,D,19.2,0.0,1.5,1.2
2007.0,Baraka Atkins,Miami (FL),DE,76.5,271.0,4.7,22.0,33.0,111.0,4.280972644376902,7.203437499999993,9-3-0,4.0,120.0,SEA,22.0,2008.0,0.0,0.0,0.0,2.0,2.0,21.0,0.0,2.0,D,21.0,0.0,2.0,1.3125
2007.0,Johnny Baldwin,Alabama A&M,OLB,73.38,232.0,4.7082217090069305,21.68733850129199,34.358247422680414,116.59947643979058,4.280972644376902,7.203437499999993,,5.0,158.0,DET,23.0,2007.0,0.0,0.0,0.0,0.0,,2.0,0.0,0.0,D,2.0,0.0,0.0,2.0
2007.0,Rashad Barksdale,Albany (NY),SS,71.63,208.0,4.7082217090069305,21.68733850129199,34.358247422680414,116.59947643979058,4.280972644376902,7.203437499999993,,6.0,201.0,PHI,23.0,2007.0,0.0,0.0,0.0,0.0,,8.0,0.0,0.0,D,8.0,0.0,0.0,8.0
2007.0,Antwan Barnes,Florida International,OLB,72.63,240.0,4.46,31.0,35.0,122.0,4.32,7.29,,4.0,134.0,BAL,22.0,2014.0,0.0,0.0,0.0,9.0,2.0,105.0,1.0,25.5,D,15.0,0.14,3.64,0.9375
2007.0,Dan Bazuin,Central Michigan,DE,74.88,266.0,4.81,25.0,30.0,109.0,4.75,7.09,6-5-0,2.0,62.0,CHI,,2006.0,0.0,0.0,0.0,,,0.0,0.0,0.0,D,-0.0,-0.0,-0.0,-0.0
2007.0,Jon Beason,Miami (FL),OLB,72.25,237.0,4.76,19.0,34.358247422680414,111.0,4.280972644376902,7.203437499999993,9-3-0,1.0,25.0,CAR,22.0,2015.0,1.0,3.0,5.0,55.0,47.0,526.0,10.0,4.0,D,65.75,1.25,0.5,4.109375
2007.0,Fred Bennett,South Carolina,CB,72.88,196.0,4.49,17.0,38.5,125.0,4.3,6.67,7-5-0,4.0,123.0,HOU,23.0,2010.0,0.0,0.0,1.0,8.0,8.0,106.0,5.0,0.0,D,35.33,1.67,0.0,2.208125
2007.0,Desmond Bishop,California,ILB,73.88,239.0,4.8,33.0,34.358247422680414,116.59947643979058,4.280972644376902,7.203437499999993,8-4-0,6.0,192.0,GNB,23.0,2014.0,0.0,0.0,2.0,21.0,20.0,228.0,1.0,9.0,D,32.57,0.14,1.29,2.035625
2007.0,Quincy Black,New Mexico,OLB,73.63,240.0,4.48,24.0,41.5,124.0,4.34,6.86,6-5-0,3.0,68.0,TAM,23.0,2012.0,0.0,0.0,3.0,19.0,19.0,226.0,3.0,3.5,D,45.2,0.6,0.7,2.825
2007.0,Stewart Bradley,Nebraska,OLB,75.75,254.0,4.74,28.0,35.5,112.0,4.17,7.29,8-4-0,3.0,87.0,PHI,23.0,2012.0,0.0,0.0,2.0,19.0,16.0,187.0,3.0,3.0,D,37.4,0.6,0.6,2.3375
2007.0,Alan Branch,Michigan,DT,77.75,324.0,5.11,33.0,27.5,107.0,4.280972644376902,7.203437499999993,7-5-0,2.0,33.0,ARI,22.0,2017.0,0.0,0.0,6.0,44.0,4.0,185.0,0.0,10.5,D,18.5,0.0,1.05,1.15625
2007.0,Courtney Brown,Cal Poly,CB,73.38,200.0,4.7082217090069305,21.68733850129199,34.358247422680414,116.59947643979058,4.280972644376902,7.203437499999993,,7.0,212.0,DAL,23.0,2008.0,0.0,0.0,0.0,2.0,2.0,10.0,0.0,0.0,D,10.0,0.0,0.0,0.625
2007.0,Kareem Brown,Miami (FL),DT,76.0,290.0,4.7082217090069305,21.68733850129199,26.5,96.0,4.280972644376902,7.203437499999993,9-3-0,4.0,127.0,NWE,24.0,2007.0,0.0,0.0,0.0,0.0,,0.0,0.0,0.0,D,0.0,0.0,0.0,0.0
2007.0,Tarell Brown,Texas,CB,70.63,190.0,4.47,17.0,33.5,111.0,4.37,7.0,13-0-0,5.0,147.0,SFO,22.0,2015.0,0.0,0.0,4.0,26.0,21.0,272.0,11.0,0.0,D,34.0,1.38,0.0,2.125
2007.0,Prescott Burgess,Michigan,OLB,75.38,240.0,4.88,19.0,32.5,106.0,4.31,7.01,7-5-0,6.0,207.0,BAL,23.0,2011.0,0.0,0.0,0.0,3.0,3.0,32.0,0.0,0.0,D,8.0,0.0,0.0,0.5
2007.0,Adam Carriker,Nebraska,DE,78.0,296.0,4.92,33.0,33.5,110.0,4.18,7.06,8-4-0,1.0,13.0,STL,23.0,2012.0,0.0,0.0,3.0,22.0,9.0,86.0,0.0,9.0,D,17.2,0.0,1.8,1.075
2007.0,Michael Coe,Alabama State,CB,72.63,190.0,4.56,17.0,35.0,122.0,4.31,6.78,,5.0,173.0,IND,23.0,2012.0,0.0,0.0,0.0,3.0,1.0,36.0,0.0,0.0,D,7.2,0.0,0.0,0.45
2007.0,Joe Cohen,Florida,DT,74.5,313.0,5.14,34.0,26.0,116.59947643979058,4.280972644376902,7.203437499999993,9-3-0,4.0,135.0,SFO,23.0,2009.0,0.0,0.0,0.0,0.0,,6.0,0.0,1.0,D,3.0,0.0,0.5,0.1875
2007.0,Brannon Condren,Troy (AL),SS,72.88,208.0,4.7082217090069305,21.68733850129199,34.358247422680414,116.59947643979058,4.280972644376902,7.203437499999993,4-7-0,4.0,131.0,IND,24.0,2008.0,0.0,0.0,0.0,1.0,1.0,6.0,0.0,0.0,D,6.0,0.0,0.0,0.375
2007.0,Tim Crowder,Texas,DE,75.63,272.0,4.72,32.0,30.5,111.0,4.32,7.28,13-0-0,2.0,56.0,DEN,22.0,2011.0,0.0,0.0,1.0,11.0,2.0,83.0,0.0,10.5,D,20.75,0.0,2.62,1.296875
2007.0,Buster Davis,Florida State,ILB,69.38,239.0,4.51,24.0,35.5,115.0,4.37,6.66,8-5-0,3.0,69.0,ARI,23.0,2008.0,0.0,0.0,0.0,2.0,,18.0,0.0,0.0,D,18.0,0.0,0.0,1.125
2007.0,Zak DeOssie,Brown (RI),ILB,76.63,250.0,4.61,26.0,34.5,122.0,4.22,6.89,,4.0,116.0,NYG,23.0,2019.0,0.0,2.0,0.0,14.0,14.0,71.0,0.0,0.0,D,5.92,0.0,0.0,0.37
2007.0,Justin Durant,Hampton (VA),ILB,72.88,230.0,4.55,25.0,36.0,121.0,4.09,6.77,,2.0,48.0,JAX,21.0,2017.0,0.0,0.0,6.0,37.0,17.0,502.0,3.0,4.5,D,50.2,0.3,0.45,3.1375
2007.0,Jacob Ford,Central Arkansas,DE,75.63,249.0,4.68,19.0,34.358247422680414,116.59947643979058,4.280972644376902,7.203437499999993,,6.0,204.0,TEN,24.0,2010.0,0.0,0.0,0.0,9.0,9.0,69.0,0.0,15.5,D,23.0,0.0,5.17,1.4375
2007.0,Eric Frampton,Washington State,SS,71.0,204.0,4.65,10.0,34.5,122.0,4.17,6.84,4-7-0,5.0,165.0,OAK,23.0,2013.0,0.0,0.0,0.0,5.0,,84.0,0.0,0.0,D,14.0,0.0,0.0,0.875
2007.0,C.J. Gaddis,Clemson,FS,71.5,203.0,4.48,20.0,36.5,121.0,4.3,7.28,8-4-0,5.0,159.0,PHI,,2006.0,0.0,0.0,0.0,,,0.0,0.0,0.0,D,-0.0,-0.0,-0.0,-0.0
2007.0,Josh Gattis,Wake Forest,FS,73.0,206.0,4.55,22.0,34.5,121.0,4.27,6.72,4-7-0,5.0,150.0,JAX,23.0,2007.0,0.0,0.0,0.0,0.0,,1.0,0.0,0.0,D,1.0,0.0,0.0,1.0
2007.0,Dashon Goldson,Washington,FS,74.0,205.0,4.64,12.0,34.5,115.0,4.46,7.37,2-9-0,4.0,126.0,SFO,22.0,2016.0,1.0,2.0,7.0,45.0,35.0,466.0,16.0,3.0,D,51.78,1.78,0.33,3.23625
2007.0,Corey Graham,New Hampshire,CB,71.88,195.0,4.7082217090069305,10.0,34.358247422680414,116.59947643979058,4.280972644376902,7.203437499999993,,5.0,168.0,CHI,22.0,2018.0,0.0,1.0,5.0,35.0,9.0,555.0,18.0,3.0,D,50.45,1.64,0.27,3.153125
2007.0,Michael Griffin,Texas,SS,71.75,202.0,4.48,16.0,36.0,120.0,4.1,6.6,13-0-0,1.0,19.0,TEN,22.0,2016.0,0.0,2.0,9.0,53.0,51.0,605.0,25.0,7.0,D,67.22,2.78,0.78,4.20125
2007.0,Korey Hall,Boise State,ILB,73.13,236.0,4.7082217090069305,21.68733850129199,34.358247422680414,116.59947643979058,4.280972644376902,7.203437499999993,9-4-0,6.0,191.0,GNB,24.0,2011.0,0.0,0.0,2.0,0.0,0.0,35.0,0.0,0.0,D,8.75,0.0,0.0,0.546875
2007.0,Leon Hall,Michigan,CB,71.25,193.0,4.42,15.0,37.5,125.0,4.07,6.5,7-5-0,1.0,18.0,CIN,22.0,2018.0,0.0,0.0,6.0,50.0,49.0,425.0,27.0,2.0,D,38.64,2.45,0.18,2.415
2007.0,Marcus Hamilton,Virginia,CB,70.88,186.0,4.7082217090069305,21.68733850129199,34.358247422680414,116.59947643979058,4.280972644376902,7.203437499999993,7-5-0,7.0,245.0,TAM,23.0,2009.0,0.0,0.0,0.0,1.0,0.0,6.0,0.0,0.0,D,3.0,0.0,0.0,0.1875
2007.0,Justin Harrell,Tennessee,DT,76.38,300.0,5.07,24.0,30.5,108.0,4.79,7.63,5-6-0,1.0,16.0,GNB,23.0,2010.0,0.0,0.0,0.0,2.0,2.0,17.0,0.0,0.0,D,5.67,0.0,0.0,0.354375
2007.0,David Harris,Michigan,ILB,74.25,243.0,4.6,23.0,33.0,107.0,4.29,7.25,7-5-0,2.0,47.0,NYJ,23.0,2017.0,0.0,0.0,11.0,80.0,79.0,725.0,6.0,36.5,D,72.5,0.6,3.65,4.53125
2007.0,Brandon Harrison,Stanford,SS,73.88,227.0,4.7082217090069305,23.0,34.358247422680414,116.59947643979058,4.280972644376902,7.203437499999993,5-6-0,5.0,144.0,HOU,22.0,2008.0,0.0,0.0,0.0,3.0,3.0,24.0,0.0,0.0,D,24.0,0.0,0.0,1.5
2007.0,Adam Hayward,Portland State (OR),OLB,72.13,235.0,4.7082217090069305,21.68733850129199,34.358247422680414,116.59947643979058,4.280972644376902,7.203437499999993,,6.0,182.0,TAM,23.0,2014.0,0.0,0.0,1.0,11.0,11.0,139.0,0.0,1.0,D,19.86,0.0,0.14,1.24125
2007.0,Will Herring,Auburn,OLB,74.63,229.0,4.7082217090069305,21.68733850129199,34.358247422680414,116.59947643979058,4.280972644376902,7.203437499999993,9-3-0,5.0,161.0,SEA,24.0,2014.0,0.0,0.0,0.0,10.0,6.0,122.0,3.0,1.0,D,17.43,0.43,0.14,1.089375
2007.0,Chris Houston,Arkansas,CB,69.88,185.0,4.37,27.0,36.0,122.0,4.12,6.94,4-7-0,2.0,41.0,ATL,22.0,2013.0,0.0,0.0,7.0,33.0,14.0,324.0,13.0,0.0,D,54.0,2.17,0.0,3.375
2007.0,Dante Hughes,Texas Tech,CB,70.13,190.0,4.74,16.0,28.5,114.0,4.43,7.28,9-3-0,3.0,95.0,IND,22.0,2011.0,0.0,0.0,0.0,4.0,2.0,87.0,1.0,0.0,D,21.75,0.25,0.0,1.359375
2007.0,David Irons,Auburn,CB,70.25,190.0,4.5,11.0,29.5,111.0,4.3,7.18,9-3-0,6.0,194.0,ATL,24.0,2008.0,0.0,0.0,0.0,1.0,1.0,16.0,0.0,0.0,D,16.0,0.0,0.0,1.0
2007.0,Keith Jackson,Arkansas,DT,72.25,305.0,5.07,33.0,30.0,116.59947643979058,4.56,7.65,4-7-0,7.0,248.0,STL,,2006.0,0.0,0.0,0.0,,,0.0,0.0,0.0,D,-0.0,-0.0,-0.0,-0.0
2007.0,Tanard Jackson,Syracuse,FS,72.0,200.0,4.53,12.0,32.5,121.0,4.28,6.89,1-10-0,4.0,106.0,TAM,22.0,2014.0,0.0,0.0,4.0,24.0,24.0,212.0,10.0,1.0,D,30.29,1.43,0.14,1.893125
2007.0,Antonio Johnson,Mississippi State,DT,75.0,310.0,5.19,28.0,29.0,108.0,4.49,7.47,3-8-0,5.0,152.0,TEN,22.0,2013.0,0.0,0.0,3.0,21.0,3.0,97.0,0.0,4.5,D,16.17,0.0,0.75,1.010625
2007.0,Charles Johnson,Georgia,DE,74.25,270.0,4.85,33.0,34.0,118.0,4.280972644376902,7.5,10-3-0,3.0,83.0,CAR,21.0,2017.0,0.0,0.0,8.0,47.0,47.0,228.0,0.0,67.5,D,22.8,0.0,6.75,1.425
2007.0,Michael Johnson,Arizona,SS,74.63,205.0,4.66,15.0,33.0,114.0,4.32,7.04,3-8-0,7.0,224.0,NYG,23.0,2010.0,0.0,0.0,2.0,14.0,14.0,117.0,3.0,2.0,D,39.0,1.0,0.67,2.4375
2007.0,David Jones,Wingate,CB,71.88,195.0,4.7082217090069305,21.68733850129199,34.358247422680414,116.59947643979058,4.280972644376902,7.203437499999993,,5.0,145.0,NOR,21.0,2012.0,0.0,0.0,0.0,6.0,,87.0,1.0,0.0,D,17.4,0.2,0.0,1.0875
2007.0,Derek Landri,Notre Dame,DT,74.5,288.0,4.7082217090069305,24.0,34.358247422680414,116.59947643979058,4.280972644376902,7.203437499999993,9-3-0,5.0,166.0,JAX,23.0,2013.0,0.0,0.0,1.0,15.0,2.0,96.0,0.0,9.0,D,16.0,0.0,1.5,1.0
2007.0,LaRon Landry,Louisiana State,FS,72.5,213.0,4.38,21.68733850129199,37.5,123.0,4.280972644376902,7.203437499999993,11-2-0,1.0,6.0,WAS,22.0,2014.0,0.0,1.0,7.0,37.0,24.0,467.0,6.0,8.0,D,66.71,0.86,1.14,4.169375
2007.0,Trey Lewis,Washburn (KS),DT,74.88,318.0,4.7082217090069305,21.68733850129199,34.358247422680414,116.59947643979058,4.280972644376902,7.203437499999993,,6.0,185.0,ATL,22.0,2010.0,0.0,0.0,0.0,4.0,4.0,25.0,1.0,0.0,D,8.33,0.33,0.0,0.520625
2007.0,Oscar Lua,Southern California,ILB,72.75,236.0,4.7082217090069305,21.68733850129199,34.358247422680414,116.59947643979058,4.280972644376902,7.203437499999993,12-1-0,7.0,211.0,NWE,,2006.0,0.0,0.0,0.0,,,0.0,0.0,0.0,D,-0.0,-0.0,-0.0,-0.0
2007.0,Ryan McBean,Oklahoma State,DT,76.38,286.0,5.05,27.0,28.0,108.0,4.46,7.79,4-7-0,4.0,132.0,PIT,23.0,2012.0,0.0,0.0,1.0,11.0,0.0,49.0,0.0,4.0,D,9.8,0.0,0.8,0.6125
2007.0,Trumaine McBride,Mississippi,CB,69.13,185.0,4.6,14.0,34.5,122.0,4.32,6.96,3-8-0,7.0,221.0,CHI,21.0,2015.0,0.0,0.0,2.0,14.0,6.0,132.0,7.0,1.0,D,16.5,0.88,0.12,1.03125
2007.0,Turk McBride,Tennessee,DT,74.38,277.0,4.85,27.0,31.0,108.0,4.12,7.1,5-6-0,2.0,54.0,KAN,22.0,2012.0,0.0,0.0,1.0,13.0,6.0,78.0,0.0,9.5,D,15.6,0.0,1.9,0.975
2007.0,Marcus McCauley,Frenso State (CA),CB,72.75,203.0,4.4,17.0,36.0,129.0,4.17,6.61,,3.0,72.0,MIN,24.0,2009.0,0.0,0.0,0.0,5.0,5.0,58.0,0.0,0.0,D,29.0,0.0,0.0,1.8125
2007.0,Brandon McDonald,Memphis,CB,70.88,181.0,4.61,17.0,33.0,118.0,4.76,7.44,7-5-0,5.0,140.0,CLE,22.0,2012.0,0.0,0.0,2.0,15.0,13.0,177.0,9.0,1.0,D,35.4,1.8,0.2,2.2125
2007.0,Ray McDonald,Florida,DE,75.38,276.0,4.7082217090069305,21.68733850129199,34.358247422680414,116.59947643979058,4.280972644376902,7.203437499999993,9-3-0,3.0,97.0,SFO,22.0,2014.0,0.0,0.0,5.0,34.0,34.0,156.0,1.0,19.5,D,22.29,0.14,2.79,1.393125
2007.0,Brandon Mebane,California,DT,73.13,309.0,5.18,24.0,24.0,106.0,4.65,7.94,8-4-0,3.0,85.0,SEA,22.0,2019.0,0.0,0.0,13.0,64.0,49.0,299.0,1.0,18.5,D,24.92,0.08,1.54,1.5575
2007.0,Brandon Meriweather,Miami (FL),FS,70.63,195.0,4.5,11.0,35.0,111.0,4.33,7.06,9-3-0,1.0,24.0,NWE,23.0,2015.0,0.0,2.0,6.0,33.0,22.0,337.0,17.0,6.0,D,42.12,2.12,0.75,2.6325
2007.0,Marvin Mitchell,Tennessee,ILB,75.0,249.0,4.94,22.0,32.0,108.0,4.25,7.29,5-6-0,7.0,220.0,NOR,22.0,2013.0,0.0,0.0,1.0,12.0,5.0,125.0,1.0,1.0,D,20.83,0.17,0.17,1.301875
2007.0,Jay Moore,Nebraska,DE,76.75,274.0,4.96,26.0,34.0,118.0,4.35,7.19,8-4-0,4.0,104.0,SFO,,2006.0,0.0,0.0,0.0,,,0.0,0.0,0.0,D,-0.0,-0.0,-0.0,-0.0
2007.0,Quentin Moses,Georgia,DE,77.25,261.0,4.84,17.0,32.0,115.0,4.53,7.38,10-3-0,3.0,65.0,OAK,23.0,2010.0,0.0,0.0,0.0,5.0,,28.0,0.0,3.5,D,9.33,0.0,1.17,0.583125
2007.0,Jarvis Moss,Florida,DE,78.5,250.0,4.78,16.0,30.5,120.0,4.280972644376902,7.203437499999993,9-3-0,1.0,17.0,DEN,23.0,2011.0,0.0,0.0,0.0,3.0,2.0,34.0,0.0,6.0,D,8.5,0.0,1.5,0.53125
2007.0,Reggie Nelson,Florida,FS,71.38,198.0,4.51,21.68733850129199,34.5,116.59947643979058,4.280972644376902,7.203437499999993,9-3-0,1.0,21.0,JAX,23.0,2018.0,0.0,2.0,11.0,63.0,11.0,618.0,38.0,6.5,D,56.18,3.45,0.59,3.51125
2007.0,Stephen Nicholas,South Florida,OLB,73.38,232.0,4.64,29.0,33.5,110.0,4.45,7.29,6-6-0,4.0,109.0,ATL,24.0,2013.0,0.0,0.0,4.0,27.0,27.0,284.0,2.0,8.0,D,47.33,0.33,1.33,2.958125
2007.0,Chad Nkang,Elon (NC),SS,71.5,220.0,4.55,23.0,36.5,118.0,4.34,7.1,,7.0,251.0,JAX,22.0,2008.0,0.0,0.0,0.0,1.0,1.0,20.0,0.0,0.0,D,20.0,0.0,0.0,1.25
2007.0,Amobi Okoye,Louisville,DT,74.0,302.0,5.07,29.0,30.0,111.0,4.280972644376902,7.46,9-3-0,1.0,10.0,HOU,20.0,2014.0,0.0,0.0,4.0,24.0,21.0,118.0,0.0,16.0,D,16.86,0.0,2.29,1.05375
2007.0,Michael Okwo,Stanford,ILB,71.38,232.0,4.73,20.0,35.5,121.0,4.43,7.12,5-6-0,3.0,94.0,CHI,,2006.0,0.0,0.0,0.0,,,0.0,0.0,0.0,D,-0.0,-0.0,-0.0,-0.0
2007.0,Kevin Payne,Louisiana-Monroe,FS,72.25,220.0,4.63,20.0,35.0,106.0,4.3,7.0,5-6-0,5.0,167.0,CHI,23.0,2009.0,0.0,0.0,1.0,11.0,11.0,114.0,4.0,1.0,D,57.0,2.0,0.5,3.5625
2007.0,Greg Peterson,North Carolina Central,DE,76.88,286.0,4.7082217090069305,21.68733850129199,34.358247422680414,116.59947643979058,4.280972644376902,7.203437499999993,,5.0,141.0,TAM,23.0,2009.0,0.0,0.0,0.0,2.0,2.0,14.0,0.0,1.5,D,7.0,0.0,0.75,0.4375
2007.0,Sabby Piscitelli,Oregon State,SS,74.75,224.0,4.5,19.0,34.5,122.0,3.9,6.84,5-6-0,2.0,64.0,TAM,24.0,2011.0,0.0,0.0,1.0,11.0,10.0,160.0,5.0,0.0,D,40.0,1.25,0.0,2.5
2007.0,Quinn Pitcock,Ohio State,DT,74.5,299.0,4.95,21.68733850129199,34.0,112.0,4.280972644376902,7.203437499999993,10-2-0,3.0,98.0,IND,23.0,2007.0,0.0,0.0,0.0,2.0,2.0,13.0,0.0,1.5,D,13.0,0.0,2.0,13.0
2007.0,Paul Posluszny,Penn State,OLB,73.63,238.0,4.71,22.0,37.0,116.0,4.2,6.94,11-1-0,2.0,34.0,BUF,22.0,2017.0,0.0,1.0,9.0,59.0,16.0,882.0,15.0,16.0,D,88.2,1.5,1.6,5.5125
2007.0,Melila Purcell,Michigan State,DE,76.75,289.0,4.7082217090069305,21.68733850129199,34.358247422680414,116.59947643979058,4.280972644376902,7.203437499999993,5-6-0,6.0,200.0,CLE,,2006.0,0.0,0.0,0.0,,,0.0,0.0,0.0,D,-0.0,-0.0,-0.0,-0.0
2007.0,Darrelle Revis,Pittsburgh,CB,71.5,204.0,4.7082217090069305,16.0,34.358247422680414,116.59947643979058,4.280972644376902,7.203437499999993,5-6-0,1.0,14.0,NYJ,22.0,2017.0,4.0,7.0,9.0,91.0,73.0,411.0,29.0,2.0,D,41.1,2.9,0.2,2.56875
2007.0,Jay Richardson,Ohio State,DE,77.63,279.0,5.06,20.0,33.0,112.0,4.54,7.5,10-2-0,5.0,138.0,OAK,23.0,2013.0,0.0,0.0,2.0,12.0,12.0,86.0,0.0,7.0,D,14.33,0.0,1.17,0.895625
2007.0,Mike Richardson,Notre Dame,CB,70.38,188.0,4.7082217090069305,21.68733850129199,34.358247422680414,116.59947643979058,4.280972644376902,7.203437499999993,9-3-0,6.0,202.0,NWE,23.0,2010.0,0.0,0.0,0.0,2.0,1.0,28.0,0.0,0.0,D,9.33,0.0,0.0,0.583125
2007.0,Ramzee Robinson,Alabama,CB,69.13,188.0,4.7082217090069305,21.68733850129199,34.358247422680414,116.59947643979058,4.280972644376902,7.203437499999993,10-2-0,7.0,255.0,DET,23.0,2009.0,0.0,0.0,0.0,1.0,1.0,29.0,0.0,0.0,D,14.5,0.0,0.0,0.90625
2007.0,Brian Robison,Texas,DE,75.13,259.0,4.72,27.0,40.5,121.0,4.26,6.89,13-0-0,4.0,102.0,MIN,24.0,2017.0,0.0,0.0,6.0,44.0,44.0,207.0,0.0,60.0,D,20.7,0.0,6.0,1.29375
2007.0,Justin Rogers,Southern Methodist (TX),DE,75.13,252.0,4.7082217090069305,21.68733850129199,34.358247422680414,116.59947643979058,4.280972644376902,7.203437499999993,,6.0,180.0,NWE,24.0,2009.0,0.0,0.0,0.0,2.0,,24.0,0.0,0.0,D,12.0,0.0,0.0,0.75
2007.0,Aaron Ross,Texas,CB,72.5,193.0,4.46,17.0,34.0,118.0,4.15,6.67,13-0-0,1.0,20.0,NYG,24.0,2014.0,0.0,0.0,4.0,21.0,19.0,201.0,11.0,2.5,D,28.71,1.57,0.36,1.794375
2007.0,Aaron Rouse,Virginia Tech,SS,76.0,223.0,4.6,16.0,35.0,116.59947643979058,4.280972644376902,7.203437499999993,11-2-0,3.0,89.0,GNB,23.0,2009.0,0.0,0.0,2.0,8.0,5.0,110.0,4.0,1.0,D,55.0,2.0,0.5,3.4375
2007.0,Clifton Ryan,Michigan State,DT,74.75,310.0,5.11,25.0,26.5,102.0,4.69,7.49,5-6-0,5.0,154.0,STL,23.0,2010.0,0.0,0.0,2.0,13.0,13.0,100.0,0.0,3.0,D,33.33,0.0,1.0,2.083125
2007.0,Dallas Sartz,Southern California,OLB,76.88,235.0,4.73,20.0,33.5,111.0,4.13,6.85,12-1-0,5.0,143.0,WAS,,2006.0,0.0,0.0,0.0,,,0.0,0.0,0.0,D,-0.0,-0.0,-0.0,-0.0
2007.0,Tim Shaw,Penn State,OLB,73.5,236.0,4.54,26.0,36.5,116.0,4.12,7.01,11-1-0,5.0,164.0,CAR,23.0,2012.0,0.0,0.0,0.0,7.0,1.0,97.0,0.0,0.0,D,19.4,0.0,0.0,1.2125
2007.0,Brandon Siler,Florida,ILB,73.75,241.0,4.64,21.68733850129199,30.5,109.0,4.280972644376902,7.34,9-3-0,7.0,240.0,SDG,21.0,2012.0,0.0,0.0,1.0,12.0,10.0,140.0,2.0,3.0,D,28.0,0.4,0.6,1.75
2007.0,Kelvin Smith,Syracuse,ILB,74.0,240.0,4.82,26.0,32.0,110.0,4.42,7.19,1-10-0,7.0,219.0,MIA,23.0,2009.0,0.0,0.0,0.0,0.0,0.0,0.0,0.0,0.0,D,0.0,0.0,0.0,0.0
2007.0,Ryan Smith,Florida,CB,70.25,174.0,4.54,11.0,34.358247422680414,122.0,4.09,6.88,9-3-0,6.0,206.0,TEN,,2006.0,0.0,0.0,0.0,,,0.0,0.0,0.0,D,-0.0,-0.0,-0.0,-0.0
2007.0,Paul Soliai,Utah,DT,76.0,344.0,5.12,21.68733850129199,29.5,103.0,4.69,7.66,7-5-0,4.0,108.0,MIA,23.0,2016.0,0.0,1.0,6.0,41.0,32.0,159.0,0.0,5.5,D,17.67,0.0,0.61,1.104375
2007.0,Anthony Spencer,Purdue,DE,74.88,261.0,4.73,30.0,32.5,112.0,4.43,7.14,5-6-0,1.0,26.0,DAL,23.0,2014.0,0.0,1.0,4.0,33.0,33.0,272.0,1.0,33.0,D,38.86,0.14,4.71,2.42875
2007.0,Daren Stone,Maine,SS,75.25,218.0,4.6,13.0,39.0,132.0,4.44,7.13,,6.0,203.0,ATL,22.0,2008.0,0.0,0.0,0.0,2.0,1.0,12.0,0.0,0.0,D,12.0,0.0,0.0,0.75
2007.0,Marcus Thomas,Florida,DT,74.75,314.0,5.18,27.0,34.358247422680414,116.59947643979058,4.280972644376902,7.203437499999993,9-3-0,4.0,121.0,DEN,21.0,2011.0,0.0,0.0,2.0,15.0,15.0,104.0,2.0,1.0,D,26.0,0.5,0.25,1.625
2007.0,Lawrence Timmons,Florida State,OLB,72.88,234.0,4.67,25.0,35.0,123.0,4.32,6.89,8-5-0,1.0,15.0,PIT,21.0,2017.0,0.0,1.0,9.0,71.0,68.0,737.0,12.0,35.5,D,73.7,1.2,3.55,4.60625
2007.0,Matt Toeaina,Oregon,DT,74.0,307.0,5.1,26.0,34.358247422680414,116.59947643979058,4.280972644376902,7.203437499999993,10-2-0,6.0,187.0,CIN,22.0,2012.0,0.0,0.0,2.0,12.0,,35.0,0.0,2.0,D,7.0,0.0,0.4,0.4375
2007.0,Tank Tyler,North Carolina State,DT,74.25,306.0,5.32,42.0,28.5,116.59947643979058,4.280972644376902,7.203437499999993,7-5-0,3.0,82.0,KAN,22.0,2009.0,0.0,0.0,1.0,9.0,8.0,63.0,0.0,0.0,D,31.5,0.0,0.0,1.96875
2007.0,Jonathan Wade,Tennessee,CB,70.0,195.0,4.4,21.68733850129199,40.5,126.0,4.4,7.07,5-6-0,3.0,84.0,STL,23.0,2011.0,0.0,0.0,0.0,7.0,4.0,104.0,2.0,0.0,D,26.0,0.5,0.0,1.625
2007.0,Anthony Waters,Clemson,ILB,74.63,245.0,4.59,25.0,34.358247422680414,116.59947643979058,4.280972644376902,7.203437499999993,8-4-0,3.0,96.0,SDG,23.0,2010.0,0.0,0.0,0.0,2.0,1.0,13.0,0.0,0.0,D,4.33,0.0,0.0,0.270625
2007.0,Eric Weddle,Utah,SS,71.25,203.0,4.5,11.0,33.5,113.0,4.12,6.78,7-5-0,2.0,37.0,SDG,22.0,2019.0,2.0,6.0,12.0,82.0,57.0,903.0,29.0,9.5,D,75.25,2.42,0.79,4.703125
2007.0,John Wendling,Wyoming,FS,73.25,222.0,4.5,22.0,38.5,129.0,4.16,6.96,4-7-0,6.0,184.0,BUF,24.0,2013.0,0.0,0.0,0.0,7.0,3.0,115.0,1.0,0.0,D,19.17,0.17,0.0,1.198125
2007.0,Marvin White,Texas Christian,FS,73.25,199.0,4.56,17.0,33.5,116.59947643979058,4.280972644376902,7.203437499999993,11-1-0,4.0,114.0,CIN,23.0,2010.0,0.0,0.0,2.0,8.0,6.0,115.0,1.0,0.0,D,38.33,0.33,0.0,2.395625
2007.0,Patrick Willis,Mississippi,ILB,73.13,242.0,4.53,22.0,39.0,119.0,4.46,7.23,3-8-0,1.0,11.0,SFO,22.0,2014.0,5.0,7.0,7.0,91.0,91.0,733.0,8.0,20.5,D,104.71,1.14,2.93,6.544375
2007.0,C.J. Wilson,Baylor,CB,73.3,195.0,4.63,21.68733850129199,37.5,127.0,4.2,6.81,5-6-0,7.0,226.0,CAR,22.0,2010.0,0.0,0.0,0.0,1.0,1.0,23.0,0.0,0.0,D,7.67,0.0,0.0,0.479375
2007.0,Josh Wilson,Maryland,CB,69.25,189.0,4.42,20.0,36.5,120.0,4.43,7.07,5-6-0,2.0,55.0,SEA,22.0,2015.0,0.0,0.0,6.0,34.0,12.0,377.0,15.0,5.5,D,47.12,1.88,0.69,2.945
2007.0,LaMarr Woodley,Michigan,DE,73.5,266.0,4.7082217090069305,21.68733850129199,34.358247422680414,116.59947643979058,4.280972644376902,7.203437499999993,7-5-0,2.0,46.0,PIT,22.0,2015.0,0.0,1.0,7.0,55.0,52.0,229.0,5.0,58.0,D,28.62,0.62,7.25,1.78875
2007.0,Abraham Wright,Colorado,DE,74.0,242.0,4.91,24.0,31.0,111.0,4.46,7.2,7-6-0,7.0,238.0,MIA,,2006.0,0.0,0.0,0.0,,,0.0,0.0,0.0,D,-0.0,-0.0,-0.0,-0.0
2007.0,Eric Wright,Nevada Las Vegas,CB,70.63,192.0,4.37,16.0,36.5,123.0,4.23,6.93,,2.0,53.0,CLE,22.0,2013.0,0.0,0.0,6.0,31.0,20.0,333.0,15.0,1.0,D,55.5,2.5,0.17,3.46875
2008.0,Xavier Adibi,Virginia Tech,OLB,73.75,232.0,4.71,21.68733850129199,30.0,110.0,4.47,7.203437499999993,11-2-0,4.0,118.0,HOU,23.0,2012.0,0.0,0.0,0.0,4.0,4.0,54.0,0.0,0.0,D,13.5,0.0,0.0,0.84375
2008.0,Cliff Avril,Purdue,OLB,74.88,253.0,4.63,27.0,32.5,117.0,4.51,6.9,5-6-0,3.0,92.0,DET,22.0,2017.0,0.0,1.0,7.0,52.0,22.0,207.0,1.0,74.0,D,23.0,0.11,8.22,1.4375
2008.0,Ervin Baldwin,Michigan State,DE,73.88,258.0,4.7082217090069305,21.68733850129199,34.358247422680414,116.59947643979058,4.280972644376902,7.203437499999993,5-6-0,7.0,208.0,CHI,22.0,2009.0,0.0,0.0,0.0,0.0,,7.0,0.0,0.0,D,7.0,0.0,0.0,0.4375
2008.0,Kentwan Balmer,North Carolina,DT,76.5,308.0,5.31,33.0,29.0,103.0,4.82,7.65,5-6-0,1.0,29.0,SFO,21.0,2012.0,0.0,0.0,1.0,7.0,2.0,39.0,0.0,0.0,D,9.75,0.0,0.0,0.609375
2008.0,Dominique Barber,Minnesota,FS,72.25,210.0,4.7,23.0,34.0,117.0,4.34,7.08,7-5-0,6.0,173.0,HOU,22.0,2011.0,0.0,0.0,0.0,5.0,5.0,48.0,1.0,1.0,D,16.0,0.33,0.33,1.0
2008.0,Josh Barrett,Arizona State,SS,73.75,223.0,4.36,17.0,31.5,121.0,4.27,7.07,7-5-0,7.0,220.0,DEN,23.0,2012.0,0.0,0.0,0.0,3.0,2.0,38.0,1.0,0.0,D,9.5,0.25,0.0,0.59375
2008.0,Kroy Biermann,Montana,OLB,74.88,246.0,4.87,29.0,31.5,112.0,4.56,7.08,,5.0,154.0,ATL,22.0,2015.0,0.0,0.0,3.0,27.0,27.0,216.0,2.0,23.5,D,30.86,0.29,3.36,1.92875
2008.0,Alvin Bowen,Iowa State,OLB,73.13,223.0,4.9,15.0,34.0,119.0,4.3,7.21,7-5-0,5.0,147.0,BUF,24.0,2010.0,0.0,0.0,0.0,0.0,,0.0,0.0,0.0,D,0.0,0.0,0.0,0.0
2008.0,Zackary Bowman,Nebraska,CB,72.13,197.0,4.39,18.0,30.5,122.0,4.21,7.1,8-4-0,5.0,142.0,CHI,23.0,2015.0,0.0,0.0,1.0,15.0,12.0,181.0,13.0,0.0,D,25.86,1.86,0.0,1.61625
2008.0,Tyvon Branch,Connecticut,CB,71.38,204.0,4.35,19.0,34.0,120.0,4.4,7.203437499999993,5-6-0,4.0,100.0,OAK,21.0,2017.0,0.0,0.0,5.0,27.0,21.0,481.0,5.0,9.0,D,53.44,0.56,1.0,3.34
2008.0,Red Bryant,Texas A&M,DT,76.13,318.0,5.06,20.0,28.0,111.0,4.64,7.75,5-6-0,4.0,121.0,SEA,24.0,2015.0,0.0,0.0,4.0,33.0,27.0,96.0,2.0,4.5,D,13.71,0.29,0.64,0.856875
2008.0,Calais Campbell,Miami (FL),DE,79.75,290.0,5.11,16.0,29.5,111.0,4.69,7.45,9-3-0,2.0,50.0,ARI,22.0,2020.0,1.0,6.0,12.0,102.0,63.0,537.0,3.0,92.0,D,44.75,0.25,7.67,2.796875
2008.0,Caleb Campbell,Army,SS,73.75,229.0,4.63,24.0,34.358247422680414,116.59947643979058,4.280972644376902,7.203437499999993,4-7-0,7.0,218.0,DET,23.0,2010.0,0.0,0.0,0.0,0.0,0.0,2.0,0.0,0.0,D,1.0,0.0,0.0,0.0625
2008.0,Brandon Carr,,CB,72.13,207.0,4.7082217090069305,21.68733850129199,34.358247422680414,116.59947643979058,4.280972644376902,7.203437499999993,,5.0,140.0,KAN,22.0,2020.0,0.0,0.0,12.0,54.0,18.0,608.0,21.0,3.0,D,50.67,1.75,0.25,3.166875
2008.0,Antoine Cason,Arizona,CB,72.25,191.0,4.55,20.0,35.5,128.0,4.08,7.203437499999993,3-8-0,1.0,27.0,SDG,22.0,2014.0,0.0,0.0,4.0,27.0,20.0,318.0,16.0,0.0,D,53.0,2.67,0.0,3.3125
2008.0,Chris Chamberlain,Tulsa (OK),SS,73.63,226.0,4.7082217090069305,21.68733850129199,34.358247422680414,116.59947643979058,4.280972644376902,7.203437499999993,9-4-0,7.0,228.0,STL,22.0,2012.0,0.0,0.0,1.0,12.0,12.0,124.0,1.0,2.0,D,31.0,0.25,0.5,1.9375
2008.0,Reggie Corner,Akron,CB,69.38,180.0,4.7082217090069305,21.68733850129199,34.358247422680414,116.59947643979058,4.280972644376902,7.203437499999993,7-6-0,4.0,114.0,BUF,24.0,2011.0,0.0,0.0,0.0,8.0,8.0,95.0,2.0,1.0,D,31.67,0.67,0.33,1.979375
2008.0,Shawn Crable,Michigan,OLB,76.88,245.0,4.62,29.0,28.0,111.0,4.55,7.29,7-5-0,3.0,78.0,NWE,23.0,2010.0,0.0,0.0,0.0,0.0,0.0,2.0,0.0,0.5,D,1.0,0.0,0.25,0.0625
2008.0,Angelo Craig,Cincinnati,OLB,76.0,252.0,5.09,21.0,30.5,118.0,4.280972644376902,7.203437499999993,4-7-0,7.0,244.0,CIN,,2006.0,0.0,0.0,0.0,,,0.0,0.0,0.0,D,-0.0,-0.0,-0.0,-0.0
2008.0,Bruce Davis,UCLA,OLB,74.63,252.0,4.83,19.0,29.0,109.0,4.47,7.34,10-2-0,3.0,88.0,PIT,23.0,2011.0,0.0,0.0,0.0,0.0,0.0,5.0,0.0,0.0,D,1.67,0.0,0.0,0.104375
2008.0,Thomas DeCoud,California,FS,73.38,207.0,4.56,21.68733850129199,35.5,122.0,4.27,6.85,8-4-0,3.0,98.0,ATL,23.0,2014.0,0.0,1.0,6.0,36.0,33.0,326.0,15.0,3.0,D,54.33,2.5,0.5,3.395625
2008.0,Quintin Demps,Texas-El Paso,FS,71.88,206.0,4.41,16.0,31.5,110.0,4.280972644376902,7.203437499999993,8-4-0,4.0,117.0,PHI,23.0,2017.0,0.0,0.0,3.0,23.0,2.0,222.0,18.0,1.5,D,24.67,2.0,0.17,1.541875
2008.0,Jordon Dizon,Colorado,OLB,71.88,229.0,4.73,21.68733850129199,30.5,118.0,4.35,7.01,7-6-0,2.0,45.0,DET,22.0,2009.0,0.0,0.0,0.0,2.0,2.0,37.0,0.0,1.0,D,37.0,0.0,1.0,2.3125
2008.0,Glenn Dorsey,Louisiana State,DT,73.5,297.0,4.7082217090069305,21.68733850129199,34.358247422680414,116.59947643979058,4.280972644376902,7.203437499999993,11-2-0,1.0,5.0,KAN,23.0,2016.0,0.0,0.0,7.0,38.0,27.0,223.0,0.0,7.0,D,27.88,0.0,0.88,1.7425
2008.0,Lionel Dotson,Arizona,DT,75.63,296.0,5.45,21.68733850129199,25.0,99.0,4.75,7.62,3-8-0,7.0,245.0,MIA,23.0,2011.0,0.0,0.0,0.0,0.0,0.0,4.0,0.0,0.0,D,1.33,0.0,0.0,0.083125
2008.0,Chris Ellis,Virginia Tech,DE,76.25,263.0,4.79,21.68733850129199,27.0,109.0,4.65,7.64,11-2-0,3.0,72.0,BUF,23.0,2010.0,0.0,0.0,0.0,2.0,2.0,8.0,0.0,1.0,D,4.0,0.0,0.5,0.25
2008.0,Sedrick Ellis,Southern California,DT,72.5,309.0,5.31,34.0,26.5,105.0,4.73,7.78,12-1-0,1.0,7.0,NOR,23.0,2012.0,0.0,0.0,5.0,27.0,27.0,99.0,0.0,12.5,D,24.75,0.0,3.12,1.546875
2008.0,Brandon Flowers,Virginia Tech,CB,69.75,189.0,4.59,14.0,30.0,117.0,4.280972644376902,7.203437499999993,11-2-0,2.0,35.0,KAN,22.0,2016.0,0.0,1.0,9.0,39.0,32.0,426.0,21.0,3.0,D,53.25,2.62,0.38,3.328125
2008.0,Wilrey Fontenot,Arizona,CB,68.75,171.0,4.48,18.0,34.0,128.0,4.26,7.29,3-8-0,7.0,212.0,ATL,23.0,2006.0,0.0,0.0,0.0,,,0.0,0.0,0.0,D,-0.0,-0.0,-0.0,-0.0
2008.0,Vernon Gholston,Ohio State,DE,75.0,266.0,4.68,37.0,35.5,125.0,4.4,7.12,10-2-0,1.0,6.0,NYJ,22.0,2010.0,0.0,0.0,0.0,8.0,8.0,24.0,0.0,0.0,D,12.0,0.0,0.0,0.75
2008.0,Charles Godfrey,Iowa,CB,71.75,207.0,4.48,14.0,32.5,121.0,4.4,7.28,7-5-0,3.0,67.0,CAR,22.0,2015.0,0.0,0.0,5.0,28.0,28.0,301.0,11.0,3.0,D,43.0,1.57,0.43,2.6875
2008.0,Jonathan Goff,Vanderbilt,ILB,74.0,245.0,4.73,28.0,31.5,118.0,4.26,6.86,5-6-0,5.0,165.0,NYG,22.0,2010.0,0.0,0.0,1.0,9.0,9.0,72.0,1.0,2.0,D,36.0,0.5,1.0,2.25
2008.0,Tavares Gooden,Miami (FL),ILB,73.25,234.0,4.65,22.0,35.0,118.0,4.280972644376902,7.203437499999993,9-3-0,3.0,71.0,BAL,23.0,2013.0,0.0,0.0,1.0,9.0,7.0,74.0,0.0,0.0,D,14.8,0.0,0.0,0.925
2008.0,Larry Grant,Ohio State,OLB,73.0,235.0,4.79,20.0,31.5,113.0,4.22,6.77,10-2-0,7.0,214.0,SFO,23.0,2013.0,0.0,0.0,1.0,10.0,4.0,80.0,0.0,5.0,D,16.0,0.0,1.0,1.0
2008.0,Quentin Groves,Auburn,OLB,75.0,259.0,4.56,30.0,29.5,120.0,4.42,7.31,9-3-0,2.0,52.0,JAX,24.0,2014.0,0.0,0.0,2.0,19.0,4.0,141.0,2.0,9.5,D,23.5,0.33,1.58,1.46875
2008.0,Letroy Guion,Florida State,DT,75.38,303.0,5.39,26.0,34.358247422680414,116.59947643979058,4.280972644376902,7.203437499999993,8-5-0,5.0,152.0,MIN,21.0,2016.0,0.0,0.0,4.0,28.0,13.0,107.0,0.0,8.5,D,13.38,0.0,1.06,0.83625
2008.0,Alex Hall,Saint Augustine,DE,76.75,238.0,4.7082217090069305,21.68733850129199,34.358247422680414,116.59947643979058,4.280972644376902,7.203437499999993,,7.0,231.0,CLE,23.0,2010.0,0.0,0.0,0.0,3.0,3.0,35.0,0.0,3.0,D,17.5,0.0,1.5,1.09375
2008.0,Chris Harrington,Texas A&M,DE,76.38,264.0,4.88,21.0,34.358247422680414,117.0,4.280972644376902,7.203437499999993,5-6-0,6.0,185.0,ARI,23.0,2009.0,0.0,0.0,0.0,0.0,,2.0,0.0,0.0,D,2.0,0.0,0.0,0.125
2008.0,Marcus Harrison,Arkansas,DT,74.75,317.0,5.08,26.0,34.358247422680414,116.59947643979058,4.280972644376902,7.203437499999993,4-7-0,3.0,90.0,CHI,24.0,2010.0,0.0,0.0,1.0,6.0,6.0,43.0,0.0,3.0,D,21.5,0.0,1.5,1.34375
2008.0,Derrick Harvey,Florida,DE,76.63,271.0,4.89,31.0,28.5,113.0,4.36,7.27,9-3-0,1.0,8.0,JAX,21.0,2011.0,0.0,0.0,1.0,14.0,14.0,72.0,1.0,8.0,D,24.0,0.33,2.67,1.5
2008.0,Nick Hayden,Wisconsin,DT,75.88,291.0,5.18,34.0,27.0,108.0,4.54,7.55,10-3-0,6.0,181.0,CAR,22.0,2015.0,0.0,0.0,4.0,23.0,5.0,114.0,0.0,2.0,D,16.29,0.0,0.29,1.018125
2008.0,Geno Hayes,Florida State,OLB,72.88,226.0,4.67,22.0,26.5,116.0,4.48,7.22,8-5-0,6.0,175.0,TAM,21.0,2014.0,0.0,0.0,5.0,31.0,18.0,313.0,6.0,10.0,D,52.17,1.0,1.67,3.260625
2008.0,Robert Henderson,Southern Mississippi,DE,75.13,278.0,4.7082217090069305,21.68733850129199,34.358247422680414,116.59947643979058,4.280972644376902,7.203437499999993,7-5-0,6.0,199.0,NYG,24.0,2006.0,0.0,0.0,0.0,,,0.0,0.0,0.0,D,-0.0,-0.0,-0.0,-0.0
2008.0,Chris Horton,UCLA,SS,72.13,212.0,4.6,14.0,28.5,109.0,4.35,7.34,10-2-0,7.0,249.0,WAS,23.0,2010.0,0.0,0.0,1.0,8.0,8.0,91.0,3.0,1.0,D,45.5,1.5,0.5,2.84375
2008.0,Marcus Howard,Georgia,OLB,72.5,237.0,4.47,27.0,34.5,116.59947643979058,4.280972644376902,7.203437499999993,10-3-0,5.0,161.0,IND,22.0,2008.0,0.0,0.0,0.0,1.0,1.0,9.0,0.0,1.5,D,9.0,0.0,2.0,9.0
2008.0,Mike Humpal,Iowa,OLB,74.5,244.0,4.83,20.0,31.0,119.0,4.25,7.07,7-5-0,6.0,188.0,PIT,23.0,2006.0,0.0,0.0,0.0,,,0.0,0.0,0.0,D,-0.0,-0.0,-0.0,-0.0
2008.0,Jack Ikegwuonu,Wisconsin,CB,70.5,194.0,4.7082217090069305,21.68733850129199,34.358247422680414,116.59947643979058,4.280972644376902,7.203437499999993,10-3-0,4.0,131.0,PHI,22.0,2009.0,0.0,0.0,0.0,0.0,0.0,0.0,0.0,0.0,D,0.0,0.0,0.0,0.0
2008.0,Kenny Iwebema,Iowa,DE,76.0,274.0,5.01,26.0,29.0,109.0,4.75,7.62,7-5-0,4.0,116.0,ARI,23.0,2010.0,0.0,0.0,0.0,2.0,2.0,8.0,0.0,2.0,D,4.0,0.0,1.0,0.25
2008.0,Chevis Jackson,Louisiana State,CB,72.0,192.0,4.65,13.0,36.0,125.0,4.15,6.96,11-2-0,3.0,68.0,ATL,22.0,2010.0,0.0,0.0,0.0,4.0,4.0,52.0,1.0,1.0,D,26.0,0.5,0.5,1.625
2008.0,Lawrence Jackson,Southern California,DE,76.25,271.0,4.87,31.0,31.0,108.0,4.4,7.08,12-1-0,1.0,28.0,SEA,23.0,2012.0,0.0,0.0,2.0,14.0,10.0,98.0,0.0,19.5,D,24.5,0.0,4.88,1.53125
2008.0,Rob Jackson,Kansas State,DE,75.38,257.0,4.7082217090069305,21.68733850129199,34.358247422680414,116.59947643979058,4.280972644376902,7.203437499999993,5-6-0,7.0,242.0,WAS,22.0,2013.0,0.0,0.0,1.0,9.0,9.0,48.0,5.0,7.5,D,9.6,1.0,1.5,0.6
2008.0,Robert James,Arizona State,OLB,70.5,219.0,4.7082217090069305,22.0,34.358247422680414,116.59947643979058,4.280972644376902,7.203437499999993,7-5-0,5.0,138.0,ATL,24.0,2013.0,0.0,0.0,0.0,1.0,1.0,9.0,0.0,0.0,D,1.8,0.0,0.0,0.1125
2008.0,Mike Jenkins,South Florida,CB,70.25,197.0,4.43,18.0,34.0,117.0,4.4,7.21,6-6-0,1.0,25.0,DAL,23.0,2015.0,0.0,1.0,4.0,27.0,21.0,221.0,10.0,0.0,D,31.57,1.43,0.0,1.973125
2008.0,Tyrell Johnson,Arkansas State,SS,71.88,207.0,4.41,27.0,32.0,127.0,4.280972644376902,7.203437499999993,6-6-0,2.0,43.0,MIN,23.0,2012.0,0.0,0.0,1.0,12.0,12.0,100.0,2.0,0.0,D,25.0,0.5,0.0,1.5625
2008.0,Brian Johnston,Gardner-Webb (NC),DE,77.13,274.0,4.7082217090069305,21.68733850129199,34.358247422680414,116.59947643979058,4.280972644376902,7.203437499999993,,7.0,210.0,KAN,22.0,2008.0,0.0,0.0,0.0,0.0,0.0,2.0,0.0,0.0,D,2.0,0.0,0.0,2.0
2008.0,Jason Jones,Eastern Michigan,DE,77.25,273.0,4.8,18.0,25.5,123.0,4.32,7.29,,2.0,54.0,TEN,22.0,2016.0,0.0,0.0,4.0,31.0,15.0,155.0,0.0,31.5,D,19.38,0.0,3.94,1.21125
2008.0,Stanford Keglar,Purdue,OLB,73.63,239.0,4.63,29.0,34.0,126.0,3.98,6.7,5-6-0,4.0,134.0,TEN,23.0,2010.0,0.0,0.0,0.0,3.0,2.0,18.0,0.0,0.0,D,9.0,0.0,0.0,0.5625
2008.0,Bryan Kehl,Brigham Young,OLB,74.25,242.0,4.69,26.0,34.0,119.0,4.23,6.88,6-6-0,4.0,123.0,NYG,24.0,2013.0,0.0,0.0,0.0,7.0,4.0,95.0,1.0,1.0,D,19.0,0.2,0.2,1.1875
2008.0,Justin King,Penn State,CB,70.88,192.0,4.38,14.0,34.0,127.0,4.31,7.14,11-1-0,4.0,101.0,STL,21.0,2012.0,0.0,0.0,1.0,10.0,9.0,99.0,1.0,1.0,D,24.75,0.25,0.25,1.546875
2008.0,Kendall Langford,Hampton (VA),DE,77.5,287.0,5.01,24.0,27.0,114.0,4.69,7.72,,3.0,66.0,MIA,22.0,2017.0,0.0,0.0,8.0,43.0,21.0,208.0,0.0,22.5,D,23.11,0.0,2.5,1.444375
2008.0,Joey LaRocque,Oregon State,OLB,73.38,226.0,4.7082217090069305,21.68733850129199,34.358247422680414,116.59947643979058,4.280972644376902,7.203437499999993,5-6-0,7.0,243.0,CHI,22.0,2008.0,0.0,0.0,0.0,1.0,1.0,6.0,0.0,0.0,D,6.0,0.0,0.0,6.0
2008.0,Spencer Larsen,Arizona,ILB,73.75,238.0,4.91,27.0,28.5,113.0,4.55,7.68,3-8-0,6.0,183.0,DEN,24.0,2013.0,0.0,0.0,1.0,3.0,3.0,36.0,0.0,0.0,D,7.2,0.0,0.0,0.45
2008.0,Trevor Laws,Notre Dame,DT,72.75,304.0,5.12,35.0,30.5,103.0,4.49,7.37,9-3-0,2.0,47.0,PHI,23.0,2012.0,0.0,0.0,0.0,7.0,7.0,45.0,1.0,5.0,D,11.25,0.25,1.25,0.703125
2008.0,Pat Lee,Colorado,CB,72.0,200.0,4.41,15.0,31.0,120.0,4.3,7.07,7-6-0,2.0,60.0,GNB,24.0,2012.0,0.0,0.0,1.0,4.0,2.0,50.0,1.0,0.0,D,12.5,0.25,0.0,0.78125
2008.0,Curtis Lofton,Oklahoma,ILB,72.0,246.0,4.85,23.0,24.5,105.0,4.56,7.69,8-4-0,2.0,37.0,ATL,22.0,2015.0,0.0,0.0,8.0,50.0,28.0,660.0,3.0,8.0,D,94.29,0.43,1.14,5.893125
2008.0,Chris Long,Virginia,DE,75.0,272.0,4.83,21.68733850129199,34.0,124.0,4.21,7.02,7-5-0,1.0,2.0,STL,23.0,2018.0,0.0,0.0,6.0,48.0,41.0,252.0,0.0,70.0,D,25.2,0.0,7.0,1.575
2008.0,Dwight Lowery,San Jose State,CB,71.13,201.0,4.69,16.0,33.5,116.0,4.38,7.31,,4.0,113.0,NYJ,22.0,2016.0,0.0,0.0,6.0,34.0,8.0,315.0,17.0,5.0,D,39.38,2.12,0.62,2.46125
2008.0,Corey Lynch,Appalachian State (NC),FS,72.38,202.0,4.7082217090069305,21.68733850129199,34.358247422680414,116.59947643979058,4.280972644376902,7.203437499999993,,6.0,177.0,CIN,23.0,2013.0,0.0,0.0,0.0,8.0,1.0,96.0,5.0,0.0,D,19.2,1.0,0.0,1.2
2008.0,Jerod Mayo,Tennessee,ILB,73.25,242.0,4.59,21.68733850129199,32.0,114.0,4.29,7.31,5-6-0,1.0,10.0,NWE,22.0,2015.0,1.0,2.0,7.0,52.0,52.0,536.0,3.0,11.0,D,76.57,0.43,1.57,4.785625
2008.0,Joe Mays,North Dakota State,ILB,71.0,245.0,4.7082217090069305,21.68733850129199,34.358247422680414,116.59947643979058,4.280972644376902,7.203437499999993,,6.0,200.0,PHI,23.0,2015.0,0.0,0.0,2.0,17.0,1.0,184.0,0.0,1.5,D,26.29,0.0,0.21,1.643125
2008.0,Leodis McKelvin,Troy (AL),CB,70.25,190.0,4.4,17.0,33.5,121.0,4.1,7.06,4-7-0,1.0,11.0,BUF,23.0,2016.0,0.0,0.0,4.0,29.0,24.0,300.0,15.0,0.0,D,37.5,1.88,0.0,2.34375
2008.0,Phillip Merling,Clemson,DE,76.25,276.0,4.7082217090069305,17.0,34.358247422680414,116.59947643979058,4.280972644376902,7.203437499999993,8-4-0,2.0,32.0,MIA,23.0,2013.0,0.0,0.0,0.0,6.0,6.0,52.0,1.0,3.5,D,10.4,0.2,0.7,0.65
2008.0,Antwaun Molden,Eastern Kentucky,CB,72.75,198.0,4.44,23.0,37.5,129.0,4.14,6.85,,3.0,79.0,HOU,23.0,2012.0,0.0,0.0,0.0,4.0,2.0,49.0,2.0,0.0,D,12.25,0.5,0.0,0.765625
2008.0,Dre Moore,Maryland,DT,76.0,305.0,4.93,31.0,28.0,105.0,4.55,7.73,5-6-0,4.0,115.0,TAM,23.0,2009.0,0.0,0.0,0.0,1.0,1.0,4.0,0.0,0.0,D,4.0,0.0,0.0,0.25
2008.0,Kareem Moore,Nicholls State (LA),FS,70.5,213.0,4.7082217090069305,21.68733850129199,34.358247422680414,116.59947643979058,4.280972644376902,7.203437499999993,,6.0,180.0,WAS,24.0,2010.0,0.0,0.0,1.0,8.0,8.0,77.0,2.0,0.0,D,38.5,1.0,0.0,2.40625
2008.0,DaJuan Morgan,North Carolina State,FS,72.13,205.0,4.54,21.0,33.0,119.0,4.41,7.12,7-5-0,3.0,82.0,KAN,22.0,2010.0,0.0,0.0,0.0,3.0,3.0,40.0,0.0,0.0,D,20.0,0.0,0.0,1.25
2008.0,Ryan Mundy,West Virginia,FS,73.0,215.0,4.7082217090069305,21.68733850129199,34.358247422680414,116.59947643979058,4.280972644376902,7.203437499999993,11-1-0,6.0,194.0,PIT,23.0,2014.0,0.0,0.0,1.0,16.0,7.0,217.0,6.0,2.0,D,36.17,1.0,0.33,2.260625
2008.0,Haruki Nakamura,Cincinnati,FS,70.63,203.0,4.7082217090069305,21.68733850129199,34.358247422680414,116.59947643979058,4.280972644376902,7.203437499999993,4-7-0,6.0,206.0,BAL,22.0,2012.0,0.0,0.0,1.0,10.0,4.0,81.0,2.0,0.0,D,20.25,0.5,0.0,1.265625
2008.0,Frank Okam,Texas,DT,76.5,347.0,5.36,32.0,23.0,104.0,4.95,8.07,13-0-0,5.0,151.0,HOU,22.0,2011.0,0.0,0.0,0.0,3.0,0.0,28.0,0.0,0.0,D,9.33,0.0,0.0,0.583125
2008.0,Kenny Phillips,Miami (FL),FS,74.25,212.0,4.52,19.0,32.5,121.0,4.27,6.97,9-3-0,1.0,31.0,NYG,21.0,2015.0,0.0,0.0,2.0,16.0,15.0,209.0,8.0,0.0,D,29.86,1.14,0.0,1.86625
2008.0,Tracy Porter,Indiana,CB,70.88,188.0,4.49,18.0,34.0,123.0,4.07,7.2,4-7-0,2.0,40.0,NOR,22.0,2016.0,0.0,0.0,6.0,30.0,14.0,310.0,13.0,2.5,D,38.75,1.62,0.31,2.421875
2008.0,Carlton Powell,Virginia Tech,DT,74.0,292.0,5.13,23.0,22.5,108.0,4.87,7.78,11-2-0,5.0,148.0,DEN,23.0,2011.0,0.0,0.0,0.0,0.0,,0.0,0.0,0.0,D,0.0,0.0,0.0,0.0
2008.0,DeMario Pressley,North Carolina State,DT,75.13,301.0,5.17,28.0,25.5,100.0,4.280972644376902,7.203437499999993,7-5-0,5.0,144.0,NOR,22.0,2011.0,0.0,0.0,0.0,1.0,1.0,18.0,0.0,0.0,D,6.0,0.0,0.0,0.375
2008.0,Keith Rivers,Southern California,OLB,74.25,241.0,4.7082217090069305,24.0,34.358247422680414,116.59947643979058,4.280972644376902,7.203437499999993,12-1-0,1.0,9.0,CIN,22.0,2014.0,0.0,0.0,4.0,24.0,15.0,189.0,2.0,3.0,D,31.5,0.33,0.5,1.96875
2008.0,Dominique Rodgers-Cromartie,Tennessee State,CB,73.5,184.0,4.36,17.0,38.5,131.0,4.17,6.74,,1.0,16.0,ARI,22.0,2019.0,0.0,2.0,7.0,52.0,17.0,396.0,30.0,2.5,D,36.0,2.73,0.23,2.25
2008.0,Ahtyba Rubin,Iowa State,DT,74.75,315.0,5.26,35.0,28.0,106.0,5.0,8.05,7-5-0,6.0,190.0,CLE,22.0,2017.0,0.0,0.0,7.0,48.0,32.0,264.0,2.0,15.0,D,29.33,0.22,1.67,1.833125
2008.0,Orlando Scandrick,Boise State,CB,70.0,192.0,4.36,21.68733850129199,33.5,125.0,4.280972644376902,6.83,9-4-0,5.0,143.0,DAL,21.0,2019.0,0.0,0.0,4.0,26.0,24.0,406.0,9.0,13.5,D,36.91,0.82,1.23,2.306875
2008.0,Trevor Scott,Buffalo,DE,77.0,256.0,4.7082217090069305,21.68733850129199,34.358247422680414,116.59947643979058,4.280972644376902,7.203437499999993,1-10-0,6.0,169.0,OAK,24.0,2014.0,0.0,0.0,2.0,12.0,10.0,87.0,0.0,16.5,D,14.5,0.0,2.75,0.90625
2008.0,Jason Shirley,Frenso State (CA),DT,77.13,329.0,4.7082217090069305,21.68733850129199,34.358247422680414,116.59947643979058,4.280972644376902,7.203437499999993,,5.0,145.0,CIN,22.0,2011.0,0.0,0.0,0.0,0.0,0.0,4.0,0.0,2.5,D,1.33,0.0,0.83,0.083125
2008.0,Pat Sims,Auburn,DT,74.13,310.0,5.11,20.0,27.0,116.59947643979058,4.280972644376902,7.203437499999993,9-3-0,3.0,77.0,CIN,22.0,2017.0,0.0,0.0,3.0,27.0,19.0,169.0,1.0,9.0,D,18.78,0.11,1.0,1.17375
2008.0,Bryan Smith,McNeese State (LA),OLB,74.38,231.0,4.76,17.0,32.5,120.0,4.4,7.22,,3.0,80.0,PHI,24.0,2009.0,0.0,0.0,0.0,1.0,,3.0,0.0,0.0,D,3.0,0.0,0.0,0.1875
2008.0,Reggie Smith,Oklahoma,CB,72.5,199.0,4.7082217090069305,13.0,34.358247422680414,116.59947643979058,4.280972644376902,7.203437499999993,8-4-0,3.0,75.0,SFO,21.0,2011.0,0.0,0.0,1.0,6.0,6.0,60.0,2.0,0.0,D,20.0,0.67,0.0,1.25
2008.0,Craig Steltz,Louisiana State,SS,73.38,213.0,4.7082217090069305,21.68733850129199,34.358247422680414,116.59947643979058,4.280972644376902,7.203437499999993,11-2-0,4.0,120.0,CHI,22.0,2013.0,0.0,0.0,0.0,6.0,6.0,102.0,1.0,1.0,D,20.4,0.2,0.2,1.275
2008.0,Andy Studebaker,Wheaton (IL),OLB,75.0,251.0,4.7082217090069305,21.68733850129199,34.358247422680414,116.59947643979058,4.280972644376902,7.203437499999993,,6.0,203.0,PHI,22.0,2015.0,0.0,0.0,0.0,11.0,,77.0,2.0,2.5,D,11.0,0.29,0.36,0.6875
2008.0,Aqib Talib,Kansas,CB,72.75,202.0,4.5,10.0,38.0,131.0,4.22,6.82,7-5-0,1.0,20.0,TAM,22.0,2019.0,1.0,5.0,9.0,66.0,14.0,385.0,35.0,1.0,D,35.0,3.18,0.09,2.1875
2008.0,Hilee Taylor,North Carolina,OLB,74.63,242.0,4.7082217090069305,21.68733850129199,34.358247422680414,116.59947643979058,4.280972644376902,7.203437499999993,5-6-0,7.0,221.0,CAR,22.0,2009.0,0.0,0.0,0.0,1.0,1.0,5.0,0.0,1.0,D,5.0,0.0,1.0,0.3125
2008.0,Terrell Thomas,Southern California,CB,72.5,202.0,4.54,14.0,30.5,123.0,4.280972644376902,7.18,12-1-0,2.0,63.0,NYG,23.0,2013.0,0.0,0.0,2.0,17.0,17.0,248.0,12.0,3.0,D,49.6,2.4,0.6,3.1
2008.0,Jeremy Thompson,Wake Forest,DE,76.38,264.0,4.77,25.0,32.0,117.0,4.23,6.97,4-7-0,4.0,102.0,GNB,22.0,2009.0,0.0,0.0,0.0,2.0,2.0,6.0,0.0,0.0,D,6.0,0.0,0.0,0.375
2008.0,DeJuan Tribble,Boston College,CB,68.75,189.0,4.63,13.0,32.0,114.0,4.280972644376902,7.203437499999993,9-3-0,6.0,192.0,SDG,23.0,2006.0,0.0,0.0,0.0,,,0.0,0.0,0.0,D,-0.0,-0.0,-0.0,-0.0
2008.0,Justin Tryon,Arizona State,CB,69.13,190.0,4.54,21.0,32.5,119.0,4.28,7.41,7-5-0,4.0,124.0,WAS,24.0,2012.0,0.0,0.0,0.0,7.0,3.0,84.0,1.0,1.0,D,21.0,0.25,0.25,1.3125
2008.0,Terrence Wheatley,Colorado,CB,69.63,187.0,4.43,17.0,36.5,128.0,4.17,6.74,7-6-0,2.0,62.0,NWE,23.0,2010.0,0.0,0.0,0.0,1.0,1.0,4.0,0.0,0.0,D,2.0,0.0,0.0,0.125
2008.0,Philip Wheeler,Georgia Tech,ILB,73.88,248.0,4.82,24.0,31.0,118.0,4.29,7.11,7-5-0,3.0,93.0,IND,23.0,2016.0,0.0,0.0,3.0,29.0,10.0,377.0,0.0,6.5,D,47.12,0.0,0.81,2.945
2008.0,Jonathan Wilhite,Auburn,CB,69.5,185.0,4.45,20.0,33.5,119.0,4.280972644376902,7.203437499999993,9-3-0,4.0,129.0,NWE,24.0,2011.0,0.0,0.0,0.0,10.0,8.0,104.0,4.0,2.0,D,34.67,1.33,0.67,2.166875
2008.0,Jack Williams,Kent State (OH),CB,69.0,186.0,4.56,19.0,35.5,121.0,4.280972644376902,6.91,,4.0,119.0,DEN,23.0,2009.0,0.0,0.0,0.0,2.0,2.0,26.0,0.0,0.0,D,26.0,0.0,0.0,1.625
2008.0,Thomas Williams,Southern California,ILB,72.88,238.0,4.89,26.0,29.5,113.0,4.280972644376902,7.203437499999993,12-1-0,5.0,155.0,JAX,23.0,2011.0,0.0,0.0,0.0,1.0,0.0,12.0,0.0,0.0,D,4.0,0.0,0.0,0.25
2008.0,Trae Williams,South Florida,CB,69.0,193.0,4.54,21.68733850129199,29.5,110.0,4.280972644376902,7.203437499999993,6-6-0,5.0,159.0,JAX,23.0,2006.0,0.0,0.0,0.0,,,0.0,0.0,0.0,D,-0.0,-0.0,-0.0,-0.0
2008.0,Tom Zbikowski,Notre Dame,SS,71.25,211.0,4.54,24.0,34.358247422680414,116.59947643979058,4.280972644376902,7.203437499999993,9-3-0,3.0,86.0,BAL,23.0,2012.0,0.0,0.0,1.0,11.0,7.0,102.0,3.0,2.0,D,25.5,0.75,0.5,1.59375
